sku,model
71.0,iPhone 4G
74.0,iPhone 4G
80.0,iPhone 4G
81.0,iPhone 4G
87.0,iPhone 4G
88.0,iPhone 4G
94.0,iPhone 4G
95.0,iPhone 4G
101.0,iPhone 4G
102.0,iPhone 4G
108.0,iPhone 4G
109.0,iPhone 4G
115.0,iPhone 4S
116.0,iPhone 4S
122.0,iPhone 4S
123.0,iPhone 4S
129.0,iPhone 4S
130.0,iPhone 4S
136.0,iPhone 4S
137.0,iPhone 4S
143.0,iPhone 4S
144.0,iPhone 4S
150.0,iPhone 4S
151.0,iPhone 4S
157.0,iPhone 4S
158.0,iPhone 4S
164.0,iPhone 4S
165.0,iPhone 4S
171.0,iPhone 5
172.0,iPhone 5
178.0,iPhone 5
179.0,iPhone 5
185.0,iPhone 5
186.0,iPhone 5
192.0,iPhone 5
193.0,iPhone 5
199.0,iPhone 5
200.0,iPhone 5
206.0,iPhone 5
207.0,iPhone 5
213.0,iPhone 5c
214.0,iPhone 5c
220.0,iPhone 5c
221.0,iPhone 5c
227.0,iPhone 5c
228.0,iPhone 5c
234.0,iPhone 5c
235.0,iPhone 5c
241.0,iPhone 5c
242.0,iPhone 5c
248.0,iPhone 5c
249.0,iPhone 5c
255.0,iPhone 5c
256.0,iPhone 5c
262.0,iPhone 5c
263.0,iPhone 5c
269.0,iPhone 5c
270.0,iPhone 5c
276.0,iPhone 5s
277.0,iPhone 5s
283.0,iPhone 5s
284.0,iPhone 5s
290.0,iPhone 5s
291.0,iPhone 5s
297.0,iPhone 5s
298.0,iPhone 5s
304.0,iPhone 5s
305.0,iPhone 5s
311.0,iPhone 5s
312.0,iPhone 5s
318.0,iPhone 5s
319.0,iPhone 5s
325.0,iPhone 5s
326.0,iPhone 5s
332.0,iPhone 5s
333.0,iPhone 5s
381.0,Samsung Galaxy S5
382.0,Samsung Galaxy S5
402.0,Samsung Galaxy S4 i9515
403.0,Samsung Galaxy S4 i9515
409.0,Samsung Galaxy S4 i9515
410.0,Samsung Galaxy S4 i9515
416.0,Samsung Galaxy S5
417.0,Samsung Galaxy S5
423.0,Samsung Galaxy S5 Duos
424.0,Samsung Galaxy S5 Duos
430.0,Samsung Galaxy S5 Duos
431.0,Samsung Galaxy S5 Duos
458.0,Samsung Galaxy Note 3
459.0,Samsung Galaxy Note 3
465.0,Samsung Galaxy S5 Mini Duos
466.0,Samsung Galaxy S5 Mini Duos
472.0,Samsung Galaxy S5 Mini Duos
473.0,Samsung Galaxy S5 Mini Duos
478.0,Samsung Galaxy Win Duos
480.0,Samsung Galaxy Win Duos
506.0,Motorola Moto G2 3G Dual
508.0,Motorola Moto G2 3G Dual
513.0,Samsung Galaxy S3 i9300
515.0,Samsung Galaxy S3 i9300
723.0,Motorola Moto G2 3G Dual
725.0,Motorola Moto G2 3G Dual
765.0,Samsung Galaxy S3 i9300
767.0,Samsung Galaxy S3 i9300
772.0,Samsung Galaxy S3 i9300
774.0,Samsung Galaxy S3 i9300
779.0,Samsung Galaxy S3 Mini
781.0,Samsung Galaxy S3 Mini
786.0,Samsung Galaxy S3 Mini
788.0,Samsung Galaxy S3 Mini
793.0,Samsung Galaxy S3 Mini
795.0,Samsung Galaxy S3 Mini
800.0,Samsung Galaxy S4 i9500
802.0,Samsung Galaxy S4 i9500
807.0,Samsung Galaxy S4 i9500
809.0,Samsung Galaxy S4 i9500
814.0,Samsung Galaxy S4 i9505
816.0,Samsung Galaxy S4 i9505
821.0,Samsung Galaxy S4 i9505
823.0,Samsung Galaxy S4 i9505
828.0,Samsung Galaxy S4 Mini
830.0,Samsung Galaxy S4 Mini
835.0,Samsung Galaxy S4 Mini
837.0,Samsung Galaxy S4 Mini
844.0,Samsung Galaxy S4 Mini
849.0,Samsung Galaxy S4 Mini Duos
851.0,Samsung Galaxy S4 Mini Duos
856.0,Samsung Galaxy S4 Mini Duos
858.0,Samsung Galaxy S4 Mini Duos
863.0,Samsung Galaxy S4 Mini Duos
865.0,Samsung Galaxy S4 Mini Duos
884.0,Samsung Galaxy S5
886.0,Samsung Galaxy S5
891.0,Samsung Galaxy S5
893.0,Samsung Galaxy S5
898.0,Samsung Galaxy S5 Duos
900.0,Samsung Galaxy S5 Duos
905.0,Samsung Galaxy S5 Duos
907.0,Samsung Galaxy S5 Duos
912.0,Samsung Galaxy S5 Mini
914.0,Samsung Galaxy S5 Mini
919.0,Samsung Galaxy S5 Mini
921.0,Samsung Galaxy S5 Mini
926.0,Samsung Galaxy S5 Mini
928.0,Samsung Galaxy S5 Mini
933.0,Samsung Galaxy S5 Mini
935.0,Samsung Galaxy S5 Mini
940.0,Samsung Galaxy S5 Mini Duos
942.0,Samsung Galaxy S5 Mini Duos
947.0,Samsung Galaxy S5 Mini Duos
949.0,Samsung Galaxy S5 Mini Duos
961.0,Samsung Galaxy Note 2 N7100
963.0,Samsung Galaxy Note 2 N7100
968.0,Samsung Galaxy Note 2 N7100
970.0,Samsung Galaxy Note 2 N7100
975.0,Samsung Galaxy Note 3
977.0,Samsung Galaxy Note 3
1059.0,Samsung Galaxy Win Duos
1061.0,Samsung Galaxy Win Duos
1066.0,Samsung Galaxy Grand Duos i9082
1068.0,Samsung Galaxy Grand Duos i9082
1073.0,Samsung Galaxy Grand Duos i9082
1075.0,Samsung Galaxy Grand Duos i9082
1253.0,iPhone 5c
1255.0,iPhone 5c
1261.0,Samsung Galaxy Grand Duos i9082
1263.0,Samsung Galaxy Grand Duos i9082
1301.0,iPhone 6
1302.0,iPhone 6
1309.0,iPhone 6
1310.0,iPhone 6
1317.0,iPhone 6
1318.0,iPhone 6
1325.0,iPhone 6
1326.0,iPhone 6
1333.0,iPhone 6
1334.0,iPhone 6
1341.0,iPhone 6
1342.0,iPhone 6
1349.0,iPhone 6
1350.0,iPhone 6
1357.0,iPhone 6
1358.0,iPhone 6
1365.0,iPhone 6
1366.0,iPhone 6
1373.0,iPhone 6 Plus
1374.0,iPhone 6 Plus
1381.0,iPhone 6 Plus
1382.0,iPhone 6 Plus
1389.0,iPhone 6 Plus
1390.0,iPhone 6 Plus
1397.0,iPhone 6 Plus
1398.0,iPhone 6 Plus
1405.0,iPhone 6 Plus
1406.0,iPhone 6 Plus
1413.0,iPhone 6 Plus
1414.0,iPhone 6 Plus
1421.0,iPhone 6 Plus
1422.0,iPhone 6 Plus
1429.0,iPhone 6 Plus
1430.0,iPhone 6 Plus
1437.0,iPhone 6 Plus
1438.0,iPhone 6 Plus
1446.0,iPad 2 Wi-Fi
1469.0,iPad 2 Wi-Fi
1485.0,iPad 2 Wi-Fi
1493.0,iPad 2 Wi-Fi + 3G
1494.0,iPad 2 Wi-Fi + 3G
1501.0,iPad 2 Wi-Fi + 3G
1502.0,iPad 2 Wi-Fi + 3G
1510.0,iPad 2 Wi-Fi + 3G
1517.0,iPad 2 Wi-Fi + 3G
1518.0,iPad 2 Wi-Fi + 3G
1525.0,iPad 2 Wi-Fi + 3G
1526.0,iPad 2 Wi-Fi + 3G
1533.0,iPad 2 Wi-Fi + 3G
1534.0,iPad 2 Wi-Fi + 3G
1541.0,iPad 3 Wi-Fi
1542.0,iPad 3 Wi-Fi
1549.0,iPad 3 Wi-Fi
1557.0,iPad 3 Wi-Fi
1558.0,iPad 3 Wi-Fi
1565.0,iPad 3 Wi-Fi
1566.0,iPad 3 Wi-Fi
1573.0,iPad 3 Wi-Fi
1574.0,iPad 3 Wi-Fi
1581.0,iPad 3 Wi-Fi
1582.0,iPad 3 Wi-Fi
1589.0,iPad 3 Wi-Fi + 4G
1590.0,iPad 3 Wi-Fi + 4G
1597.0,iPad 3 Wi-Fi + 4G
1598.0,iPad 3 Wi-Fi + 4G
1605.0,iPad 3 Wi-Fi + 4G
1606.0,iPad 3 Wi-Fi + 4G
1613.0,iPad 3 Wi-Fi + 4G
1621.0,iPad 3 Wi-Fi + 4G
1622.0,iPad 3 Wi-Fi + 4G
1629.0,iPad 3 Wi-Fi + 4G
1637.0,iPad 4 Wi-Fi
1638.0,iPad 4 Wi-Fi
1645.0,iPad 4 Wi-Fi
1646.0,iPad 4 Wi-Fi
1654.0,iPad 4 Wi-Fi
1661.0,iPad 4 Wi-Fi
1669.0,iPad 4 Wi-Fi
1670.0,iPad 4 Wi-Fi
1678.0,iPad 4 Wi-Fi
1693.0,iPad 4 Wi-Fi
1694.0,iPad 4 Wi-Fi
1701.0,iPad 4 Wi-Fi + 4G
1702.0,iPad 4 Wi-Fi + 4G
1709.0,iPad 4 Wi-Fi + 4G
1710.0,iPad 4 Wi-Fi + 4G
1717.0,iPad 4 Wi-Fi + 4G
1725.0,iPad 4 Wi-Fi + 4G
1742.0,iPad 4 Wi-Fi + 4G
1773.0,Samsung Galaxy S3 i9300
1774.0,Samsung Galaxy S3 i9300
1781.0,Samsung Galaxy S3 i9300
1782.0,Samsung Galaxy S3 i9300
2655.0,Samsung Galaxy Note 4
2656.0,Samsung Galaxy Note 4
2666.0,Samsung Galaxy Note 4
2667.0,Samsung Galaxy Note 4
2679.0,iPhone 4S
2680.0,iPhone 4S
2681.0,iPhone 4S
2682.0,iPhone 5c
2683.0,iPhone 5c
2684.0,iPhone 5c
2685.0,iPhone 5c
2686.0,iPhone 5c
2687.0,iPhone 5c
2688.0,iPhone 5c
2689.0,iPhone 5c
2690.0,iPhone 5c
2691.0,iPhone 5s
2692.0,iPhone 5s
2693.0,iPhone 5s
2694.0,iPhone 5s
2695.0,iPhone 5s
2696.0,iPhone 5s
2697.0,iPhone 5s
2698.0,iPhone 5s
2699.0,iPhone 5s
2702.0,Samsung Galaxy S5 Duos
2703.0,Samsung Galaxy S4 i9515
2704.0,Samsung Galaxy S4 i9515
2705.0,Samsung Galaxy Note 3
2708.0,iPhone 4G
2709.0,iPhone 4G
2710.0,iPhone 5
2711.0,iPhone 5
2712.0,iPhone 4G
2713.0,iPhone 4S
2714.0,iPhone 4S
2715.0,iPhone 4G
2716.0,iPhone 4G
2718.0,Samsung Galaxy S5
2719.0,iPhone 4S
2720.0,iPhone 4S
2721.0,iPhone 5
2722.0,iPhone 5
2723.0,iPhone 5
2724.0,iPhone 5
2725.0,Samsung Galaxy S3 i9300
2740.0,Samsung Galaxy S5 Mini Duos
2741.0,Samsung Galaxy S5
2745.0,Samsung Galaxy S5 Duos
2748.0,iPhone 4S
2750.0,Samsung Galaxy Win Duos
2751.0,iPhone 4G
2766.0,Motorola Moto G2 3G Dual
2770.0,Samsung Galaxy S3 i9300
2771.0,Samsung Galaxy S3 i9300
2772.0,Samsung Galaxy S3 Mini
2773.0,Samsung Galaxy S3 Mini
2774.0,Samsung Galaxy S3 Mini
2775.0,Samsung Galaxy S4 i9500
2776.0,Samsung Galaxy S4 i9500
2777.0,Samsung Galaxy S4 i9505
2778.0,Samsung Galaxy S4 i9505
2779.0,Samsung Galaxy S4 Mini
2780.0,Samsung Galaxy S4 Mini
2781.0,Samsung Galaxy S4 Mini
2782.0,Samsung Galaxy S4 Mini Duos
2783.0,Samsung Galaxy S4 Mini Duos
2784.0,Samsung Galaxy S4 Mini Duos
2787.0,Samsung Galaxy S5
2788.0,Samsung Galaxy S5 Duos
2789.0,Samsung Galaxy S5 Duos
2790.0,Samsung Galaxy S5 Mini
2791.0,Samsung Galaxy S5 Mini
2792.0,Samsung Galaxy S5 Mini
2793.0,Samsung Galaxy S5 Mini
2796.0,Samsung Galaxy Note 3
2808.0,Samsung Galaxy Mega Duos
2809.0,Samsung Galaxy Mega Duos
2810.0,Motorola Moto G2 3G Dual
2811.0,iPhone 5c
2812.0,Samsung Galaxy Grand Duos i9082
2813.0,Samsung Galaxy Grand Duos i9082
2814.0,Samsung Galaxy Grand Duos i9082
2815.0,Samsung Galaxy S5 Mini Duos
2816.0,Samsung Galaxy S5 Mini Duos
2817.0,Samsung Galaxy S5 Mini Duos
2820.0,Samsung Galaxy Win Duos
2821.0,Samsung Galaxy S5
2822.0,Samsung Galaxy Note 2 N7100
2823.0,Samsung Galaxy Note 2 N7100
2829.0,iPhone 6
2830.0,iPhone 6
2831.0,iPhone 6
2832.0,iPhone 6
2833.0,iPhone 6
2834.0,iPhone 6
2835.0,iPhone 6
2836.0,iPhone 6
2837.0,iPhone 6
2838.0,iPhone 6 Plus
2839.0,iPhone 6 Plus
2840.0,iPhone 6 Plus
2841.0,iPhone 6 Plus
2842.0,iPhone 6 Plus
2843.0,iPhone 6 Plus
2844.0,iPhone 6 Plus
2845.0,iPhone 6 Plus
2846.0,iPhone 6 Plus
2853.0,iPad 2 Wi-Fi + 3G
2854.0,iPad 2 Wi-Fi + 3G
2856.0,iPad 2 Wi-Fi + 3G
2858.0,iPad 2 Wi-Fi + 3G
2859.0,iPad 3 Wi-Fi
2860.0,iPad 3 Wi-Fi
2861.0,iPad 3 Wi-Fi
2862.0,iPad 3 Wi-Fi
2863.0,iPad 3 Wi-Fi
2864.0,iPad 3 Wi-Fi
2867.0,iPad 3 Wi-Fi + 4G
2869.0,iPad 3 Wi-Fi + 4G
2870.0,iPad 3 Wi-Fi + 4G
2871.0,iPad 4 Wi-Fi
2872.0,iPad 4 Wi-Fi
2873.0,iPad 4 Wi-Fi
2874.0,iPad 4 Wi-Fi
2876.0,iPad 4 Wi-Fi
2877.0,iPad 4 Wi-Fi
2878.0,iPad 4 Wi-Fi
2880.0,iPad 4 Wi-Fi + 4G
2889.0,Samsung Galaxy S3 i9300
2890.0,Samsung Galaxy S3 i9300
2892.0,Samsung Galaxy Note 4
2893.0,Samsung Galaxy Note 4
2915.0,Sony Xperia Z3 TV
2916.0,Sony Xperia Z3 TV
2917.0,Sony Xperia Z3 TV
2927.0,Motorola Moto MAXX 
2928.0,Motorola Moto MAXX 
2929.0,Motorola Moto MAXX 
2939.0,Sony Xperia Z2
2940.0,Sony Xperia Z2
2941.0,Sony Xperia Z2
2951.0,Sony Xperia Z2
2952.0,Sony Xperia Z2
2953.0,Sony Xperia Z2
2963.0,Samsung Galaxy A7
2964.0,Samsung Galaxy A7
2965.0,Samsung Galaxy A7
2975.0,Samsung Galaxy A7
2976.0,Samsung Galaxy A7
2977.0,Samsung Galaxy A7
2987.0,Samsung Galaxy A3 Duos
2988.0,Samsung Galaxy A3 Duos
2989.0,Samsung Galaxy A3 Duos
2999.0,Motorola Moto E2 3G Dual
3000.0,Motorola Moto E2 3G Dual
3001.0,Motorola Moto E2 3G Dual
3011.0,Motorola Moto E2 3G Dual
3012.0,Motorola Moto E2 3G Dual
3013.0,Motorola Moto E2 3G Dual
3035.0,Sony Xperia Z3 TV
3036.0,Sony Xperia Z3 TV
3037.0,Sony Xperia Z3 TV
3047.0,Motorola Moto X2
3048.0,Motorola Moto X2
3049.0,Motorola Moto X2
3063.0,Motorola Moto X2
3066.0,Motorola Moto X2
3068.0,Motorola Moto X2
3083.0,Motorola Moto X2
3084.0,Motorola Moto X2
3085.0,Motorola Moto X2
3095.0,Motorola Moto X2
3096.0,Motorola Moto X2
3098.0,Motorola Moto X2
3107.0,Motorola Moto X2
3108.0,Motorola Moto X2
3109.0,Motorola Moto X2
3119.0,Motorola Moto X2
3120.0,Motorola Moto X2
3121.0,Motorola Moto X2
3131.0,LG G3 D855
3132.0,LG G3 D855
3133.0,LG G3 D855
3143.0,LG G3 D855
3144.0,LG G3 D855
3145.0,LG G3 D855
3155.0,LG G3 D855
3156.0,LG G3 D855
3157.0,LG G3 D855
3167.0,LG G3 D855
3168.0,LG G3 D855
3169.0,LG G3 D855
3179.0,Samsung Galaxy A5
3180.0,Samsung Galaxy A5
3181.0,Samsung Galaxy A5
3191.0,Samsung Galaxy A5
3192.0,Samsung Galaxy A5
3193.0,Samsung Galaxy A5
3203.0,Samsung Galaxy A5
3204.0,Samsung Galaxy A5
3205.0,Samsung Galaxy A5
3215.0,Samsung Galaxy E7
3216.0,Samsung Galaxy E7
3217.0,Samsung Galaxy E7
3227.0,Samsung Galaxy E7
3228.0,Samsung Galaxy E7
3229.0,Samsung Galaxy E7
3239.0,LG G3 Beat D724
3240.0,LG G3 Beat D724
3241.0,LG G3 Beat D724
3251.0,LG G3 Beat D724
3252.0,LG G3 Beat D724
3253.0,LG G3 Beat D724
3263.0,LG G3 Beat D724
3264.0,LG G3 Beat D724
3265.0,LG G3 Beat D724
3275.0,Samsung Galaxy S6 Edge
3276.0,Samsung Galaxy S6 Edge
3277.0,Samsung Galaxy S6 Edge
3287.0,Samsung Galaxy S6 Edge
3288.0,Samsung Galaxy S6 Edge
3289.0,Samsung Galaxy S6 Edge
3299.0,Samsung Galaxy S6 Edge
3300.0,Samsung Galaxy S6 Edge
3301.0,Samsung Galaxy S6 Edge
3311.0,Samsung Galaxy S6 Edge
3312.0,Samsung Galaxy S6 Edge
3313.0,Samsung Galaxy S6 Edge
3323.0,Samsung Galaxy S6 Edge
3324.0,Samsung Galaxy S6 Edge
3325.0,Samsung Galaxy S6 Edge
3335.0,Samsung Galaxy S6 Edge
3336.0,Samsung Galaxy S6 Edge
3337.0,Samsung Galaxy S6 Edge
3347.0,Samsung Galaxy S6 Flat
3348.0,Samsung Galaxy S6 Flat
3349.0,Samsung Galaxy S6 Flat
3359.0,Samsung Galaxy S6 Flat
3360.0,Samsung Galaxy S6 Flat
3361.0,Samsung Galaxy S6 Flat
3371.0,Samsung Galaxy S6 Flat
3372.0,Samsung Galaxy S6 Flat
3373.0,Samsung Galaxy S6 Flat
3383.0,Samsung Galaxy Note Edge
3384.0,Samsung Galaxy Note Edge
3385.0,Samsung Galaxy Note Edge
3395.0,Samsung Galaxy Note Edge
3396.0,Samsung Galaxy Note Edge
3397.0,Samsung Galaxy Note Edge
3443.0,Samsung Galaxy Tab 4  10.1 Wi-Fi + 3G
3444.0,Samsung Galaxy Tab 4  10.1 Wi-Fi + 3G
3445.0,Samsung Galaxy Tab 4  10.1 Wi-Fi + 3G
3455.0,Samsung Galaxy Tab 4  10.1 Wi-Fi + 3G
3456.0,Samsung Galaxy Tab 4  10.1 Wi-Fi + 3G
3457.0,Samsung Galaxy Tab 4  10.1 Wi-Fi + 3G
3468.0,Samsung Galaxy Tab 4 10.1 Wi-Fi
3491.0,Samsung Galaxy Tab Pro 10.1 Wi-Fi
3492.0,Samsung Galaxy Tab Pro 10.1 Wi-Fi
3493.0,Samsung Galaxy Tab Pro 10.1 Wi-Fi
3503.0,Samsung Galaxy Tab Pro 10.1 Wi-Fi
3504.0,Samsung Galaxy Tab Pro 10.1 Wi-Fi
3505.0,Samsung Galaxy Tab Pro 10.1 Wi-Fi
3516.0,Samsung Galaxy Tab S 8.4 Wi-Fi + 4G
3517.0,Samsung Galaxy Tab S 8.4 Wi-Fi + 4G
3527.0,Samsung Galaxy Tab S 8.4 Wi-Fi + 4G
3528.0,Samsung Galaxy Tab S 8.4 Wi-Fi + 4G
3529.0,Samsung Galaxy Tab S 8.4 Wi-Fi + 4G
3575.0,Samsung Galaxy Tab S 10.5 Wi-Fi + 4G
3576.0,Samsung Galaxy Tab S 10.5 Wi-Fi + 4G
3577.0,Samsung Galaxy Tab S 10.5 Wi-Fi + 4G
3587.0,Samsung Galaxy Tab S 10.5 Wi-Fi + 4G
3588.0,Samsung Galaxy Tab S 10.5 Wi-Fi + 4G
3589.0,Samsung Galaxy Tab S 10.5 Wi-Fi + 4G
3613.0,Samsung Galaxy Tab S 10.5 Wi-Fi
3623.0,iPhone 5c
3624.0,iPhone 5c
3625.0,iPhone 5c
3635.0,iPhone 5c
3636.0,iPhone 5c
3637.0,iPhone 5c
3647.0,iPhone 5c
3648.0,iPhone 5c
3649.0,iPhone 5c
3659.0,iPhone 5c
3660.0,iPhone 5c
3661.0,iPhone 5c
3671.0,iPhone 5c
3672.0,iPhone 5c
3673.0,iPhone 5c
3683.0,Samsung Galaxy Tab 3 10.1 Wi-Fi + 3G
3684.0,Samsung Galaxy Tab 3 10.1 Wi-Fi + 3G
3685.0,Samsung Galaxy Tab 3 10.1 Wi-Fi + 3G
3707.0,Samsung Galaxy Tab 3 10.1 Wi-Fi + 3G
3708.0,Samsung Galaxy Tab 3 10.1 Wi-Fi + 3G
3709.0,Samsung Galaxy Tab 3 10.1 Wi-Fi + 3G
3755.0,iPad Air 2 Wi-Fi
3756.0,iPad Air 2 Wi-Fi
3757.0,iPad Air 2 Wi-Fi
3767.0,iPad Air 2 Wi-Fi
3768.0,iPad Air 2 Wi-Fi
3769.0,iPad Air 2 Wi-Fi
3780.0,iPad Air 2 Wi-Fi
3781.0,iPad Air 2 Wi-Fi
3791.0,iPad Air 2 Wi-Fi + 4G
3792.0,iPad Air 2 Wi-Fi + 4G
3793.0,iPad Air 2 Wi-Fi + 4G
3803.0,iPad Air 2 Wi-Fi + 4G
3804.0,iPad Air 2 Wi-Fi + 4G
3805.0,iPad Air 2 Wi-Fi + 4G
3829.0,iPad Air 2 Wi-Fi
3841.0,iPad Air 2 Wi-Fi
3851.0,iPad Air 2 Wi-Fi
3853.0,iPad Air 2 Wi-Fi
3863.0,iPad Air 2 Wi-Fi + 4G
3864.0,iPad Air 2 Wi-Fi + 4G
3865.0,iPad Air 2 Wi-Fi + 4G
3875.0,iPad Air 2 Wi-Fi + 4G
3876.0,iPad Air 2 Wi-Fi + 4G
3877.0,iPad Air 2 Wi-Fi + 4G
3887.0,iPad Air 2 Wi-Fi + 4G
3888.0,iPad Air 2 Wi-Fi + 4G
3889.0,iPad Air 2 Wi-Fi + 4G
3899.0,iPad Air 2 Wi-Fi
3900.0,iPad Air 2 Wi-Fi
3901.0,iPad Air 2 Wi-Fi
3911.0,iPad Air 2 Wi-Fi
3912.0,iPad Air 2 Wi-Fi
3913.0,iPad Air 2 Wi-Fi
3923.0,iPad Air 2 Wi-Fi
3924.0,iPad Air 2 Wi-Fi
3925.0,iPad Air 2 Wi-Fi
3935.0,iPad Air 2 Wi-Fi + 4G
3936.0,iPad Air 2 Wi-Fi + 4G
3937.0,iPad Air 2 Wi-Fi + 4G
3947.0,iPad Air 2 Wi-Fi + 4G
3948.0,iPad Air 2 Wi-Fi + 4G
3949.0,iPad Air 2 Wi-Fi + 4G
3959.0,iPad Air 2 Wi-Fi + 4G
3960.0,iPad Air 2 Wi-Fi + 4G
3961.0,iPad Air 2 Wi-Fi + 4G
3971.0,iPad Air 2 Wi-Fi + 4G
3972.0,iPad Air 2 Wi-Fi + 4G
3973.0,iPad Air 2 Wi-Fi + 4G
3983.0,iPad Air Wi-Fi
3984.0,iPad Air Wi-Fi
3985.0,iPad Air Wi-Fi
3995.0,iPad Air Wi-Fi
3996.0,iPad Air Wi-Fi
3997.0,iPad Air Wi-Fi
4007.0,iPad Air Wi-Fi
4008.0,iPad Air Wi-Fi
4009.0,iPad Air Wi-Fi
4020.0,iPad Air Wi-Fi
4031.0,iPad Air Wi-Fi + 4G
4032.0,iPad Air Wi-Fi + 4G
4033.0,iPad Air Wi-Fi + 4G
4043.0,iPad Air Wi-Fi + 4G
4044.0,iPad Air Wi-Fi + 4G
4045.0,iPad Air Wi-Fi + 4G
4055.0,iPad Air Wi-Fi + 4G
4056.0,iPad Air Wi-Fi + 4G
4057.0,iPad Air Wi-Fi + 4G
4079.0,iPad Air Wi-Fi + 4G
4080.0,iPad Air Wi-Fi + 4G
4081.0,iPad Air Wi-Fi + 4G
4091.0,iPad Mini 3 Wi-Fi
4092.0,iPad Mini 3 Wi-Fi
4093.0,iPad Mini 3 Wi-Fi
4103.0,iPad Mini 3 Wi-Fi
4105.0,iPad Mini 3 Wi-Fi
4115.0,iPad Mini 3 Wi-Fi
4116.0,iPad Mini 3 Wi-Fi
4117.0,iPad Mini 3 Wi-Fi
4127.0,iPad Mini 3 Wi-Fi
4128.0,iPad Mini 3 Wi-Fi
4129.0,iPad Mini 3 Wi-Fi
4140.0,iPad Mini 3 Wi-Fi
4141.0,iPad Mini 3 Wi-Fi
4151.0,iPad Mini 3 Wi-Fi
4152.0,iPad Mini 3 Wi-Fi
4153.0,iPad Mini 3 Wi-Fi
4163.0,iPad Mini 3 Wi-Fi
4164.0,iPad Mini 3 Wi-Fi
4165.0,iPad Mini 3 Wi-Fi
4175.0,iPad Mini 3 Wi-Fi
4177.0,iPad Mini 3 Wi-Fi
4187.0,iPad Mini 3 Wi-Fi
4213.0,iPad Mini 3 Wi-Fi + 4G
4249.0,iPad Mini 3 Wi-Fi + 4G
4271.0,iPad Mini 3 Wi-Fi + 4G
4273.0,iPad Mini 3 Wi-Fi + 4G
4283.0,iPad Mini 3 Wi-Fi + 4G
4284.0,iPad Mini 3 Wi-Fi + 4G
4285.0,iPad Mini 3 Wi-Fi + 4G
4297.0,iPad Mini 3 Wi-Fi + 4G
4307.0,iPad Mini 2 Wi-Fi
4308.0,iPad Mini 2 Wi-Fi
4309.0,iPad Mini 2 Wi-Fi
4320.0,iPad Mini 2 Wi-Fi
4321.0,iPad Mini 2 Wi-Fi
4331.0,iPad Mini 2 Wi-Fi
4332.0,iPad Mini 2 Wi-Fi
4333.0,iPad Mini 2 Wi-Fi
4343.0,iPad Mini 2 Wi-Fi
4344.0,iPad Mini 2 Wi-Fi
4345.0,iPad Mini 2 Wi-Fi
4357.0,iPad Mini 2 Wi-Fi + 4G
4369.0,iPad Mini 2 Wi-Fi + 4G
4379.0,iPad Mini 2 Wi-Fi + 4G
4380.0,iPad Mini 2 Wi-Fi + 4G
4381.0,iPad Mini 2 Wi-Fi + 4G
4393.0,iPad Mini 2 Wi-Fi + 4G
4403.0,iPad Mini Wi-Fi
4404.0,iPad Mini Wi-Fi
4405.0,iPad Mini Wi-Fi
4415.0,iPad Mini Wi-Fi
4416.0,iPad Mini Wi-Fi
4417.0,iPad Mini Wi-Fi
4427.0,iPad Mini Wi-Fi + 4G
4428.0,iPad Mini Wi-Fi + 4G
4429.0,iPad Mini Wi-Fi + 4G
4439.0,iPad Mini Wi-Fi + 4G
4440.0,iPad Mini Wi-Fi + 4G
4441.0,iPad Mini Wi-Fi + 4G
4475.0,Samsung Galaxy S4 Mini Duos
4476.0,Samsung Galaxy S4 Mini Duos
4477.0,Samsung Galaxy S4 Mini Duos
4547.0,Samsung Galaxy Gran Prime Duos
4548.0,Samsung Galaxy Gran Prime Duos
4549.0,Samsung Galaxy Gran Prime Duos
4559.0,Samsung Galaxy Gran Prime Duos TV
4560.0,Samsung Galaxy Gran Prime Duos TV
4561.0,Samsung Galaxy Gran Prime Duos TV
4571.0,Samsung Galaxy Gran Prime Duos TV
4572.0,Samsung Galaxy Gran Prime Duos TV
4573.0,Samsung Galaxy Gran Prime Duos TV
4583.0,Samsung Galaxy Gran Prime Duos TV
4584.0,Samsung Galaxy Gran Prime Duos TV
4585.0,Samsung Galaxy Gran Prime Duos TV
4619.0,Samsung Galaxy A7
4620.0,Samsung Galaxy A7
4621.0,Samsung Galaxy A7
4643.0,Sony Xperia Z3 TV
4644.0,Sony Xperia Z3 TV
4645.0,Sony Xperia Z3 TV
4655.0,Sony Xperia Z3 TV
4656.0,Sony Xperia Z3 TV
4657.0,Sony Xperia Z3 TV
4811.0,LG Nexus 5 D821
4812.0,LG Nexus 5 D821
4813.0,LG Nexus 5 D821
4823.0,LG Nexus 5 D821
4824.0,LG Nexus 5 D821
4825.0,LG Nexus 5 D821
4835.0,LG Nexus 5 D821
4836.0,LG Nexus 5 D821
4837.0,LG Nexus 5 D821
4871.0,Motorola Moto E2 4G Dual
4872.0,Motorola Moto E2 4G Dual
4873.0,Motorola Moto E2 4G Dual
4883.0,Motorola Moto E2 4G Dual
4884.0,Motorola Moto E2 4G Dual
4885.0,Motorola Moto E2 4G Dual
4919.0,Motorola Moto E2 4G Dual
4920.0,Motorola Moto E2 4G Dual
4921.0,Motorola Moto E2 4G Dual
4955.0,Motorola Moto G2 4G Dual
4956.0,Motorola Moto G2 4G Dual
4957.0,Motorola Moto G2 4G Dual
4967.0,Motorola Moto G3 4G
4968.0,Motorola Moto G3 4G
4969.0,Motorola Moto G3 4G
4979.0,Motorola Moto G3 4G
4980.0,Motorola Moto G3 4G
4981.0,Motorola Moto G3 4G
4991.0,Motorola Moto G3 4G
4992.0,Motorola Moto G3 4G
4993.0,Motorola Moto G3 4G
5003.0,Motorola Moto G3 4G
5004.0,Motorola Moto G3 4G
5005.0,Motorola Moto G3 4G
5015.0,Motorola Moto G3 HDTV
5016.0,Motorola Moto G3 HDTV
5017.0,Motorola Moto G3 HDTV
5039.0,Motorola Moto G3 HDTV
5040.0,Motorola Moto G3 HDTV
5041.0,Motorola Moto G3 HDTV
5063.0,Motorola Moto G3 HDTV
5064.0,Motorola Moto G3 HDTV
5065.0,Motorola Moto G3 HDTV
5075.0,Motorola Moto G3 HDTV
5076.0,Motorola Moto G3 HDTV
5077.0,Motorola Moto G3 HDTV
5087.0,Motorola Moto G3 HDTV
5088.0,Motorola Moto G3 HDTV
5089.0,Motorola Moto G3 HDTV
5099.0,Motorola Moto G3 HDTV
5100.0,Motorola Moto G3 HDTV
5101.0,Motorola Moto G3 HDTV
5111.0,Motorola Moto G3 HDTV
5112.0,Motorola Moto G3 HDTV
5113.0,Motorola Moto G3 HDTV
5123.0,Motorola Moto G3 HDTV
5124.0,Motorola Moto G3 HDTV
5125.0,Motorola Moto G3 HDTV
5135.0,Motorola Moto G3 4G
5136.0,Motorola Moto G3 4G
5137.0,Motorola Moto G3 4G
5147.0,Motorola Moto G3 4G
5148.0,Motorola Moto G3 4G
5149.0,Motorola Moto G3 4G
5159.0,Motorola Moto G3 4G
5160.0,Motorola Moto G3 4G
5161.0,Motorola Moto G3 4G
5171.0,Motorola Moto G3 4G
5172.0,Motorola Moto G3 4G
5173.0,Motorola Moto G3 4G
5207.0,Sony Xperia Z3 Compact
5208.0,Sony Xperia Z3 Compact
5209.0,Sony Xperia Z3 Compact
5219.0,Sony Xperia Z3 Compact
5220.0,Sony Xperia Z3 Compact
5221.0,Sony Xperia Z3 Compact
5231.0,Sony Xperia Z3 Compact
5232.0,Sony Xperia Z3 Compact
5233.0,Sony Xperia Z3 Compact
5243.0,Sony Xperia Z3 Compact
5244.0,Sony Xperia Z3 Compact
5245.0,Sony Xperia Z3 Compact
5279.0,Samsung Galaxy Gran Prime 3G Duos
5280.0,Samsung Galaxy Gran Prime 3G Duos
5281.0,Samsung Galaxy Gran Prime 3G Duos
5423.0,LG G3 Stylus D690
5424.0,LG G3 Stylus D690
5425.0,LG G3 Stylus D690
5435.0,LG G3 Stylus D690
5436.0,LG G3 Stylus D690
5437.0,LG G3 Stylus D690
5445.0,Samsung Galaxy S3 Mini
5446.0,Samsung Galaxy S3 Mini
5447.0,Samsung Galaxy S3 Mini
5457.0,Samsung Galaxy Gran Prime 3G Duos
5458.0,Samsung Galaxy Gran Prime 3G Duos
5459.0,Samsung Galaxy Gran Prime 3G Duos
5904.0,iPhone 5s
5907.0,iPhone 5s
5920.0,iPhone 5s
5921.0,iPhone 5s
5925.0,iPhone 5
5926.0,iPhone 5
6001.0,iPhone 6
6002.0,iPhone 6
6011.0,iPhone 5s
6023.0,iPhone 5s
6243.0,iPhone 5s
6248.0,iPhone 5s
6250.0,iPhone 5s
6253.0,iPhone 6
6257.0,iPhone 6
6299.0,Samsung Galaxy Note 5
6300.0,Samsung Galaxy Note 5
6301.0,Samsung Galaxy Note 5
6313.0,Samsung Galaxy Note 5
6314.0,Samsung Galaxy Note 5
6315.0,Samsung Galaxy Note 5
6327.0,Samsung Galaxy Note 5
6328.0,Samsung Galaxy Note 5
6329.0,Samsung Galaxy Note 5
6341.0,Samsung Galaxy J5
6342.0,Samsung Galaxy J5
6343.0,Samsung Galaxy J5
6355.0,Samsung Galaxy J5
6356.0,Samsung Galaxy J5
6357.0,Samsung Galaxy J5
6369.0,Samsung Galaxy J5
6370.0,Samsung Galaxy J5
6371.0,Samsung Galaxy J5
6383.0,Samsung Galaxy J7
6384.0,Samsung Galaxy J7
6385.0,Samsung Galaxy J7
6397.0,Samsung Galaxy J7
6398.0,Samsung Galaxy J7
6399.0,Samsung Galaxy J7
6411.0,Samsung Galaxy J7
6412.0,Samsung Galaxy J7
6413.0,Samsung Galaxy J7
6439.0,LG G3 Stylus D690
6440.0,LG G3 Stylus D690
6441.0,LG G3 Stylus D690
6453.0,LG L Prime D337
6454.0,LG L Prime D337
6455.0,LG L Prime D337
6467.0,LG L Prime D337
6468.0,LG L Prime D337
6469.0,LG L Prime D337
6537.0,LG Prime Plus H522
6538.0,LG Prime Plus H522
6539.0,LG Prime Plus H522
6551.0,LG Prime Plus H522
6552.0,LG Prime Plus H522
6553.0,LG Prime Plus H522
6565.0,LG G4 Beat H736
6566.0,LG G4 Beat H736
6567.0,LG G4 Beat H736
6579.0,iPhone 6S
6580.0,iPhone 6S
6581.0,iPhone 6S
6593.0,Samsung Galaxy Y Duos
6594.0,Samsung Galaxy Y Duos
6595.0,Samsung Galaxy Y Duos
6635.0,Samsung Galaxy Y Duos
6636.0,Samsung Galaxy Y Duos
6637.0,Samsung Galaxy Y Duos
6649.0,Samsung Galaxy Core Plus Duos TV
6650.0,Samsung Galaxy Core Plus Duos TV
6651.0,Samsung Galaxy Core Plus Duos TV
6663.0,Samsung Galaxy Core Plus Duos TV
6664.0,Samsung Galaxy Core Plus Duos TV
6665.0,Samsung Galaxy Core Plus Duos TV
6679.0,Samsung Galaxy Pocket 2 Duos
6693.0,Samsung Galaxy Young 2 Duos TV
6705.0,Samsung Galaxy Core 2 Duos
6706.0,Samsung Galaxy Core 2 Duos
6707.0,Samsung Galaxy Core 2 Duos
6719.0,Samsung Galaxy Core 2 Duos
6720.0,Samsung Galaxy Core 2 Duos
6721.0,Samsung Galaxy Core 2 Duos
6789.0,Samsung Galaxy S5 New Edition Duos 
6790.0,Samsung Galaxy S5 New Edition Duos 
6791.0,Samsung Galaxy S5 New Edition Duos 
6803.0,Samsung Galaxy S5 New Edition Duos 
6804.0,Samsung Galaxy S5 New Edition Duos 
6805.0,Samsung Galaxy S5 New Edition Duos 
6817.0,Samsung Galaxy S5 New Edition Duos 
6818.0,Samsung Galaxy S5 New Edition Duos 
6819.0,Samsung Galaxy S5 New Edition Duos 
6831.0,iPhone 6S
6832.0,iPhone 6S
6833.0,iPhone 6S
6845.0,iPhone 6S
6846.0,iPhone 6S
6847.0,iPhone 6S
6873.0,iPhone 6S
6874.0,iPhone 6S
6875.0,iPhone 6S
6887.0,iPhone 6S
6888.0,iPhone 6S
6889.0,iPhone 6S
6901.0,iPhone 6S
6902.0,iPhone 6S
6903.0,iPhone 6S
6915.0,iPhone 6S
6916.0,iPhone 6S
6917.0,iPhone 6S
6929.0,iPhone 6S
6930.0,iPhone 6S
6931.0,iPhone 6S
6934.0,iPhone 6S
6943.0,iPhone 6S
6944.0,iPhone 6S
6945.0,iPhone 6S
6957.0,iPhone 6S
6958.0,iPhone 6S
6959.0,iPhone 6S
6971.0,iPhone 6S
6972.0,iPhone 6S
6973.0,iPhone 6S
6985.0,iPhone 6S
6986.0,iPhone 6S
6987.0,iPhone 6S
6999.0,iPhone 6S Plus
7000.0,iPhone 6S Plus
7001.0,iPhone 6S Plus
7013.0,iPhone 6S Plus
7014.0,iPhone 6S Plus
7015.0,iPhone 6S Plus
7027.0,iPhone 6S Plus
7028.0,iPhone 6S Plus
7029.0,iPhone 6S Plus
7041.0,iPhone 6S Plus
7042.0,iPhone 6S Plus
7043.0,iPhone 6S Plus
7055.0,iPhone 6S Plus
7056.0,iPhone 6S Plus
7057.0,iPhone 6S Plus
7069.0,iPhone 6S Plus
7070.0,iPhone 6S Plus
7071.0,iPhone 6S Plus
7083.0,iPhone 6S Plus
7084.0,iPhone 6S Plus
7085.0,iPhone 6S Plus
7088.0,iPhone 6S Plus
7097.0,iPhone 6S Plus
7098.0,iPhone 6S Plus
7099.0,iPhone 6S Plus
7111.0,iPhone 6S Plus
7112.0,iPhone 6S Plus
7113.0,iPhone 6S Plus
7125.0,iPhone 6S Plus
7126.0,iPhone 6S Plus
7127.0,iPhone 6S Plus
7139.0,iPhone 6S Plus
7140.0,iPhone 6S Plus
7141.0,iPhone 6S Plus
7153.0,iPhone 6S Plus
7154.0,iPhone 6S Plus
7155.0,iPhone 6S Plus
7167.0,Samsung Galaxy S6 Edge Plus
7168.0,Samsung Galaxy S6 Edge Plus
7169.0,Samsung Galaxy S6 Edge Plus
7181.0,Samsung Galaxy S6 Edge Plus
7182.0,Samsung Galaxy S6 Edge Plus
7183.0,Samsung Galaxy S6 Edge Plus
7195.0,Samsung Galaxy S6 Edge Plus
7196.0,Samsung Galaxy S6 Edge Plus
7197.0,Samsung Galaxy S6 Edge Plus
7209.0,Samsung Galaxy S6 Edge Plus
7210.0,Samsung Galaxy S6 Edge Plus
7211.0,Samsung Galaxy S6 Edge Plus
7223.0,Samsung Galaxy J1 Mini
7224.0,Samsung Galaxy J1 Mini
7225.0,Samsung Galaxy J1 Mini
7237.0,Samsung Galaxy J1 Mini
7238.0,Samsung Galaxy J1 Mini
7239.0,Samsung Galaxy J1 Mini
7251.0,Samsung Galaxy J1 Mini
7252.0,Samsung Galaxy J1 Mini
7253.0,Samsung Galaxy J1 Mini
7307.0,Samsung Galaxy J1 2016
7308.0,Samsung Galaxy J1 2016
7309.0,Samsung Galaxy J1 2016
7321.0,Samsung Galaxy J1 2016
7322.0,Samsung Galaxy J1 2016
7323.0,Samsung Galaxy J1 2016
7335.0,Samsung Galaxy J1 2016
7336.0,Samsung Galaxy J1 2016
7337.0,Samsung Galaxy J1 2016
7363.0,Samsung Galaxy J3
7364.0,Samsung Galaxy J3
7365.0,Samsung Galaxy J3
7377.0,Samsung Galaxy J3
7378.0,Samsung Galaxy J3
7379.0,Samsung Galaxy J3
7391.0,Samsung Galaxy J3
7392.0,Samsung Galaxy J3
7393.0,Samsung Galaxy J3
7405.0,Samsung Galaxy Note 3 Neo Duos
7406.0,Samsung Galaxy Note 3 Neo Duos
7407.0,Samsung Galaxy Note 3 Neo Duos
7419.0,Samsung Galaxy Note 3 Neo Duos
7420.0,Samsung Galaxy Note 3 Neo Duos
7421.0,Samsung Galaxy Note 3 Neo Duos
7447.0,Samsung Galaxy S3 Neo Duos i9300i
7448.0,Samsung Galaxy S3 Neo Duos i9300i
7449.0,Samsung Galaxy S3 Neo Duos i9300i
7463.0,Samsung Galaxy S3 Neo Duos i9300i
7489.0,LG G4 H818P
7490.0,LG G4 H818P
7491.0,LG G4 H818P
7503.0,LG G4 H818P
7504.0,LG G4 H818P
7505.0,LG G4 H818P
7517.0,LG G4 H818P
7518.0,LG G4 H818P
7519.0,LG G4 H818P
7531.0,LG G4 H818P
7532.0,LG G4 H818P
7533.0,LG G4 H818P
7545.0,LG G4 H818P
7546.0,LG G4 H818P
7547.0,LG G4 H818P
7559.0,LG G4 H818P
7560.0,LG G4 H818P
7561.0,LG G4 H818P
7573.0,LG G4 H815P
7574.0,LG G4 H815P
7575.0,LG G4 H815P
7587.0,LG G4 H815P
7588.0,LG G4 H815P
7589.0,LG G4 H815P
7601.0,Motorola Moto G1 4G
7615.0,Motorola Moto G3 4G
7616.0,Motorola Moto G3 4G
7617.0,Motorola Moto G3 4G
7629.0,Motorola Moto G3 4G
7630.0,Motorola Moto G3 4G
7631.0,Motorola Moto G3 4G
7643.0,Motorola Moto G3 4G
7644.0,Motorola Moto G3 4G
7645.0,Motorola Moto G3 4G
7657.0,Lenovo Vibe A7010 Dual Chip
7658.0,Lenovo Vibe A7010 Dual Chip
7659.0,Lenovo Vibe A7010 Dual Chip
7671.0,Lenovo Vibe A7010 Dual Chip
7672.0,Lenovo Vibe A7010 Dual Chip
7673.0,Lenovo Vibe A7010 Dual Chip
7685.0,Lenovo Vibe K5
7686.0,Lenovo Vibe K5
7687.0,Lenovo Vibe K5
7699.0,Lenovo Vibe K5
7700.0,Lenovo Vibe K5
7701.0,Lenovo Vibe K5
7713.0,Lenovo Vibe K5
7714.0,Lenovo Vibe K5
7715.0,Lenovo Vibe K5
7825.0,Motorola Moto X Play 4G Dual
7826.0,Motorola Moto X Play 4G Dual
7827.0,Motorola Moto X Play 4G Dual
7839.0,Motorola Moto X Play 4G Dual
7840.0,Motorola Moto X Play 4G Dual
7841.0,Motorola Moto X Play 4G Dual
7853.0,Motorola Moto X Play 4G Dual
7854.0,Motorola Moto X Play 4G Dual
7855.0,Motorola Moto X Play 4G Dual
7867.0,Motorola Moto X Play 4G Dual
7868.0,Motorola Moto X Play 4G Dual
7869.0,Motorola Moto X Play 4G Dual
7881.0,Motorola Moto X Play 4G Dual
7882.0,Motorola Moto X Play 4G Dual
7883.0,Motorola Moto X Play 4G Dual
7895.0,Motorola Moto X Play 4G Dual
7896.0,Motorola Moto X Play 4G Dual
7897.0,Motorola Moto X Play 4G Dual
7909.0,Motorola Moto X Play 4G Dual
7910.0,Motorola Moto X Play 4G Dual
7911.0,Motorola Moto X Play 4G Dual
7923.0,Motorola Moto X Play 4G Dual
7924.0,Motorola Moto X Play 4G Dual
7925.0,Motorola Moto X Play 4G Dual
7937.0,Motorola Moto X Play 4G Dual
7938.0,Motorola Moto X Play 4G Dual
7939.0,Motorola Moto X Play 4G Dual
7951.0,Motorola Moto X Play 4G Dual
7952.0,Motorola Moto X Play 4G Dual
7953.0,Motorola Moto X Play 4G Dual
7965.0,Motorola Moto X Play 4G Dual
7966.0,Motorola Moto X Play 4G Dual
7967.0,Motorola Moto X Play 4G Dual
7979.0,Motorola Moto X Play 4G Dual
7980.0,Motorola Moto X Play 4G Dual
7981.0,Motorola Moto X Play 4G Dual
7993.0,Motorola Moto X Play 4G Dual
7994.0,Motorola Moto X Play 4G Dual
7995.0,Motorola Moto X Play 4G Dual
8007.0,Motorola Moto X Play 4G Dual
8008.0,Motorola Moto X Play 4G Dual
8009.0,Motorola Moto X Play 4G Dual
8021.0,Motorola Moto X Play 4G Dual
8022.0,Motorola Moto X Play 4G Dual
8023.0,Motorola Moto X Play 4G Dual
8035.0,Motorola Moto X Play 4G Dual
8036.0,Motorola Moto X Play 4G Dual
8037.0,Motorola Moto X Play 4G Dual
8049.0,Motorola Moto X Play 4G Dual
8050.0,Motorola Moto X Play 4G Dual
8051.0,Motorola Moto X Play 4G Dual
8063.0,Motorola Moto X Play 4G Dual
8064.0,Motorola Moto X Play 4G Dual
8065.0,Motorola Moto X Play 4G Dual
8077.0,Motorola Moto X Play 4G Dual
8078.0,Motorola Moto X Play 4G Dual
8079.0,Motorola Moto X Play 4G Dual
8091.0,Motorola Moto X Play 4G Dual
8092.0,Motorola Moto X Play 4G Dual
8093.0,Motorola Moto X Play 4G Dual
8105.0,Samsung Galaxy S6 Edge
8106.0,Samsung Galaxy S6 Edge
8107.0,Samsung Galaxy S6 Edge
8119.0,Samsung Galaxy S6 Edge
8120.0,Samsung Galaxy S6 Edge
8121.0,Samsung Galaxy S6 Edge
8133.0,Samsung Galaxy A3 Duos
8134.0,Samsung Galaxy A3 Duos
8135.0,Samsung Galaxy A3 Duos
8147.0,Samsung Galaxy A3 Duos
8148.0,Samsung Galaxy A3 Duos
8149.0,Samsung Galaxy A3 Duos
8161.0,iPhone SE
8162.0,iPhone SE
8163.0,iPhone SE
8175.0,iPhone SE
8176.0,iPhone SE
8177.0,iPhone SE
8180.0,iPhone SE
8189.0,iPhone SE
8190.0,iPhone SE
8191.0,iPhone SE
8194.0,iPhone SE
8203.0,iPhone SE
8204.0,iPhone SE
8205.0,iPhone SE
8208.0,iPhone SE
8217.0,iPhone SE
8218.0,iPhone SE
8219.0,iPhone SE
8231.0,iPhone SE
8232.0,iPhone SE
8233.0,iPhone SE
8236.0,iPhone SE
8245.0,iPhone SE
8246.0,iPhone SE
8247.0,iPhone SE
8259.0,iPhone SE
8260.0,iPhone SE
8261.0,iPhone SE
8264.0,iPhone SE
8273.0,Samsung Galaxy J2 4G Duos TV
8274.0,Samsung Galaxy J2 4G Duos TV
8275.0,Samsung Galaxy J2 4G Duos TV
8287.0,Samsung Galaxy J2 4G Duos TV
8288.0,Samsung Galaxy J2 4G Duos TV
8289.0,Samsung Galaxy J2 4G Duos TV
8301.0,Samsung Galaxy J2 4G Duos TV
8302.0,Samsung Galaxy J2 4G Duos TV
8303.0,Samsung Galaxy J2 4G Duos TV
8315.0,Samsung Galaxy J2 4G Duos 
8316.0,Samsung Galaxy J2 4G Duos 
8317.0,Samsung Galaxy J2 4G Duos 
8329.0,Samsung Galaxy J2 4G Duos 
8330.0,Samsung Galaxy J2 4G Duos 
8331.0,Samsung Galaxy J2 4G Duos 
8343.0,Samsung Galaxy J2 4G Duos 
8344.0,Samsung Galaxy J2 4G Duos 
8345.0,Samsung Galaxy J2 4G Duos 
8357.0,LG G4 Stylus H630
8358.0,LG G4 Stylus H630
8359.0,LG G4 Stylus H630
8371.0,LG G4 Stylus HDTV H540T
8372.0,LG G4 Stylus HDTV H540T
8373.0,LG G4 Stylus HDTV H540T
8395.0,Motorola Moto G3 HDTV
8396.0,Motorola Moto G3 HDTV
8397.0,Motorola Moto G3 HDTV
8413.0,Samsung Galaxy Gran Prime Duos TV
8414.0,Samsung Galaxy Gran Prime Duos TV
8415.0,Samsung Galaxy Gran Prime Duos TV
8427.0,Motorola Moto G3 HDTV
8428.0,Motorola Moto G3 HDTV
8429.0,Motorola Moto G3 HDTV
8441.0,Samsung Galaxy S7
8442.0,Samsung Galaxy S7
8443.0,Samsung Galaxy S7
8469.0,Samsung Galaxy S7
8470.0,Samsung Galaxy S7
8471.0,Samsung Galaxy S7
8483.0,Samsung Galaxy S7
8484.0,Samsung Galaxy S7
8485.0,Samsung Galaxy S7
8497.0,Samsung Galaxy S7
8498.0,Samsung Galaxy S7
8499.0,Samsung Galaxy S7
8511.0,Samsung Galaxy S7 Edge
8512.0,Samsung Galaxy S7 Edge
8513.0,Samsung Galaxy S7 Edge
8525.0,Samsung Galaxy S7 Edge
8526.0,Samsung Galaxy S7 Edge
8527.0,Samsung Galaxy S7 Edge
8539.0,Samsung Galaxy S7 Edge
8540.0,Samsung Galaxy S7 Edge
8541.0,Samsung Galaxy S7 Edge
8553.0,Samsung Galaxy S7 Edge
8554.0,Samsung Galaxy S7 Edge
8555.0,Samsung Galaxy S7 Edge
8567.0,Motorola Moto X Style
8568.0,Motorola Moto X Style
8569.0,Motorola Moto X Style
8581.0,Motorola Moto X Style
8582.0,Motorola Moto X Style
8583.0,Motorola Moto X Style
8595.0,Motorola Moto X Style
8596.0,Motorola Moto X Style
8597.0,Motorola Moto X Style
8609.0,Motorola Moto X Force
8610.0,Motorola Moto X Force
8611.0,Motorola Moto X Force
8623.0,Motorola Moto X Force
8624.0,Motorola Moto X Force
8625.0,Motorola Moto X Force
8637.0,Motorola Moto X Force
8638.0,Motorola Moto X Force
8639.0,Motorola Moto X Force
8651.0,Motorola Moto X Force
8652.0,Motorola Moto X Force
8653.0,Motorola Moto X Force
8707.0,Motorola Moto E1
8778.0,Motorola Moto E2 4G Dual
8779.0,Motorola Moto E2 4G Dual
8791.0,Motorola Moto E2 3G Dual
8792.0,Motorola Moto E2 3G Dual
8793.0,Motorola Moto E2 3G Dual
8805.0,Motorola Moto E2 3G Dual
8806.0,Motorola Moto E2 3G Dual
8807.0,Motorola Moto E2 3G Dual
8875.0,Motorola Moto X2
8876.0,Motorola Moto X2
8877.0,Motorola Moto X2
8889.0,Motorola Moto X2
8890.0,Motorola Moto X2
8891.0,Motorola Moto X2
8903.0,Motorola Moto X2
8904.0,Motorola Moto X2
8905.0,Motorola Moto X2
8917.0,Motorola Moto X2
8918.0,Motorola Moto X2
8919.0,Motorola Moto X2
8931.0,Motorola Moto X2
8932.0,Motorola Moto X2
8933.0,Motorola Moto X2
8945.0,Motorola Moto X2
8946.0,Motorola Moto X2
8947.0,Motorola Moto X2
8950.0,iPhone 6S
8951.0,iPhone 6S
8952.0,iPhone 6S
8964.0,iPhone 6S
8965.0,iPhone 6S
8966.0,iPhone 6S
8978.0,iPhone 6S
8979.0,iPhone 6S
8980.0,iPhone 6S
8992.0,iPhone 6S
8993.0,iPhone 6S
8994.0,iPhone 6S
9006.0,iPhone 6S Plus
9007.0,iPhone 6S Plus
9008.0,iPhone 6S Plus
9020.0,iPhone 6S Plus
9021.0,iPhone 6S Plus
9022.0,iPhone 6S Plus
9034.0,iPhone 6S Plus
9035.0,iPhone 6S Plus
9036.0,iPhone 6S Plus
9048.0,iPhone 6S Plus
9049.0,iPhone 6S Plus
9050.0,iPhone 6S Plus
9104.0,Samsung Galaxy A5
9105.0,Samsung Galaxy A5
9106.0,Samsung Galaxy A5
9118.0,Samsung Galaxy S6 Edge
9119.0,Samsung Galaxy S6 Edge
9120.0,Samsung Galaxy S6 Edge
9146.0,LG L Prime D337
9147.0,LG L Prime D337
9148.0,LG L Prime D337
9160.0,LG G4 Stylus HDTV H540T
9161.0,LG G4 Stylus HDTV H540T
9162.0,LG G4 Stylus HDTV H540T
9174.0,Motorola Moto X Play 4G Dual
9175.0,Motorola Moto X Play 4G Dual
9176.0,Motorola Moto X Play 4G Dual
9188.0,Motorola Moto X Play 4G Dual
9189.0,Motorola Moto X Play 4G Dual
9190.0,Motorola Moto X Play 4G Dual
9202.0,Motorola Moto X Style
9203.0,Motorola Moto X Style
9204.0,Motorola Moto X Style
9216.0,Motorola Moto G3 4G
9217.0,Motorola Moto G3 4G
9218.0,Motorola Moto G3 4G
9230.0,Samsung Galaxy S7 Edge
9231.0,Samsung Galaxy S7 Edge
9232.0,Samsung Galaxy S7 Edge
9244.0,Samsung Galaxy On 7
9245.0,Samsung Galaxy On 7
9246.0,Samsung Galaxy On 7
9258.0,Samsung Galaxy On 7
9259.0,Samsung Galaxy On 7
9260.0,Samsung Galaxy On 7
9272.0,Samsung Galaxy J7 Prime
9273.0,Samsung Galaxy J7 Prime
9274.0,Samsung Galaxy J7 Prime
9286.0,Samsung Galaxy J7 Prime
9287.0,Samsung Galaxy J7 Prime
9288.0,Samsung Galaxy J7 Prime
9300.0,Samsung Galaxy J5 Prime
9301.0,Samsung Galaxy J5 Prime
9302.0,Samsung Galaxy J5 Prime
9314.0,Samsung Galaxy J5 Prime
9315.0,Samsung Galaxy J5 Prime
9316.0,Samsung Galaxy J5 Prime
9328.0,Samsung Galaxy J2 Prime TV
9329.0,Samsung Galaxy J2 Prime TV
9330.0,Samsung Galaxy J2 Prime TV
9342.0,Samsung Galaxy J2 Prime TV
9343.0,Samsung Galaxy J2 Prime TV
9344.0,Samsung Galaxy J2 Prime TV
9356.0,Samsung Galaxy J2 Prime TV
9357.0,Samsung Galaxy J2 Prime TV
9358.0,Samsung Galaxy J2 Prime TV
9370.0,Samsung Galaxy A3 2016
9371.0,Samsung Galaxy A3 2016
9372.0,Samsung Galaxy A3 2016
9384.0,Samsung Galaxy A3 2016
9385.0,Samsung Galaxy A3 2016
9386.0,Samsung Galaxy A3 2016
9398.0,Samsung Galaxy A5 2016
9399.0,Samsung Galaxy A5 2016
9400.0,Samsung Galaxy A5 2016
9412.0,Samsung Galaxy A5 2016
9413.0,Samsung Galaxy A5 2016
9414.0,Samsung Galaxy A5 2016
9426.0,Samsung Galaxy A5 2016
9427.0,Samsung Galaxy A5 2016
9428.0,Samsung Galaxy A5 2016
9440.0,Samsung Galaxy A7 2016
9441.0,Samsung Galaxy A7 2016
9442.0,Samsung Galaxy A7 2016
9454.0,Samsung Galaxy A7 2016
9455.0,Samsung Galaxy A7 2016
9456.0,Samsung Galaxy A7 2016
9468.0,Samsung Galaxy A7 2016
9469.0,Samsung Galaxy A7 2016
9470.0,Samsung Galaxy A7 2016
9482.0,Samsung Galaxy S4 i9505
9483.0,Samsung Galaxy S4 i9505
9484.0,Samsung Galaxy S4 i9505
9496.0,Sony Xperia Z3 Dual
9497.0,Sony Xperia Z3 Dual
9498.0,Sony Xperia Z3 Dual
9510.0,Sony Xperia Z3 Dual
9511.0,Sony Xperia Z3 Dual
9512.0,Sony Xperia Z3 Dual
9524.0,Sony Xperia Z3 Dual
9525.0,Sony Xperia Z3 Dual
9526.0,Sony Xperia Z3 Dual
9538.0,Sony Xperia Z3 Plus
9539.0,Sony Xperia Z3 Plus
9540.0,Sony Xperia Z3 Plus
9552.0,Sony Xperia Z3 Plus
9553.0,Sony Xperia Z3 Plus
9554.0,Sony Xperia Z3 Plus
9566.0,Sony Xperia Z3 Plus
9567.0,Sony Xperia Z3 Plus
9568.0,Sony Xperia Z3 Plus
9580.0,Sony Xperia Z3 Plus
9581.0,Sony Xperia Z3 Plus
9582.0,Sony Xperia Z3 Plus
9594.0,Sony Xperia Z3 
9595.0,Sony Xperia Z3 
9596.0,Sony Xperia Z3 
9608.0,Sony Xperia Z3 
9609.0,Sony Xperia Z3 
9610.0,Sony Xperia Z3 
9622.0,Sony Xperia Z3 
9623.0,Sony Xperia Z3 
9624.0,Sony Xperia Z3 
9636.0,Sony Xperia Z3 
9637.0,Sony Xperia Z3 
9638.0,Sony Xperia Z3 
9650.0,Samsung Galaxy S5 New Edition
9651.0,Samsung Galaxy S5 New Edition
9652.0,Samsung Galaxy S5 New Edition
9664.0,Samsung Galaxy S5 New Edition
9665.0,Samsung Galaxy S5 New Edition
9666.0,Samsung Galaxy S5 New Edition
9678.0,Samsung Galaxy S5 New Edition
9679.0,Samsung Galaxy S5 New Edition
9680.0,Samsung Galaxy S5 New Edition
9693.0,Quantum GO 3G
9706.0,Quantum GO 3G
9720.0,Quantum GO 4G
9721.0,Quantum GO 4G
9722.0,Quantum GO 4G
9734.0,Quantum GO 4G
9735.0,Quantum GO 4G
9736.0,Quantum GO 4G
9748.0,Quantum GO 4G
9749.0,Quantum GO 4G
9750.0,Quantum GO 4G
9762.0,Quantum GO 4G
9763.0,Quantum GO 4G
9764.0,Quantum GO 4G
9776.0,Quantum GO 4G
9777.0,Quantum GO 4G
9778.0,Quantum GO 4G
9790.0,Quantum GO 4G
9791.0,Quantum GO 4G
9792.0,Quantum GO 4G
9806.0,Samsung Gear S3 Classic
9818.0,Samsung Gear S3 Frontier
9819.0,Samsung Gear S3 Frontier
9820.0,Samsung Gear S3 Frontier
9832.0,Samsung Gear S2
9833.0,Samsung Gear S2
9834.0,Samsung Gear S2
9846.0,Samsung Gear S2
9847.0,Samsung Gear S2
9848.0,Samsung Gear S2
9860.0,Samsung Gear Fit 2 Pequeno
9861.0,Samsung Gear Fit 2 Pequeno
9862.0,Samsung Gear Fit 2 Pequeno
9874.0,Samsung Gear Fit 2 Pequeno
9875.0,Samsung Gear Fit 2 Pequeno
9876.0,Samsung Gear Fit 2 Pequeno
9888.0,Samsung Gear Fit 2 Grande
9889.0,Samsung Gear Fit 2 Grande
9890.0,Samsung Gear Fit 2 Grande
9902.0,iPhone 7
9903.0,iPhone 7
9904.0,iPhone 7
9916.0,iPhone 7
9917.0,iPhone 7
9918.0,iPhone 7
9930.0,iPhone 7
9931.0,iPhone 7
9932.0,iPhone 7
9944.0,iPhone 7
9945.0,iPhone 7
9946.0,iPhone 7
9958.0,iPhone 7
9959.0,iPhone 7
9960.0,iPhone 7
9972.0,iPhone 7
9973.0,iPhone 7
9974.0,iPhone 7
9986.0,iPhone 7
9987.0,iPhone 7
9988.0,iPhone 7
10000.0,iPhone 7
10001.0,iPhone 7
10002.0,iPhone 7
10014.0,iPhone 7
10015.0,iPhone 7
10016.0,iPhone 7
10028.0,iPhone 7
10029.0,iPhone 7
10030.0,iPhone 7
10042.0,iPhone 7
10043.0,iPhone 7
10044.0,iPhone 7
10084.0,iPhone 7
10085.0,iPhone 7
10086.0,iPhone 7
10098.0,iPhone 7
10099.0,iPhone 7
10100.0,iPhone 7
10112.0,iPhone 7 Plus
10113.0,iPhone 7 Plus
10114.0,iPhone 7 Plus
10126.0,iPhone 7 Plus
10127.0,iPhone 7 Plus
10128.0,iPhone 7 Plus
10140.0,iPhone 7 Plus
10141.0,iPhone 7 Plus
10142.0,iPhone 7 Plus
10154.0,iPhone 7 Plus
10155.0,iPhone 7 Plus
10156.0,iPhone 7 Plus
10168.0,iPhone 7 Plus
10169.0,iPhone 7 Plus
10170.0,iPhone 7 Plus
10182.0,iPhone 7 Plus
10183.0,iPhone 7 Plus
10184.0,iPhone 7 Plus
10196.0,iPhone 7 Plus
10197.0,iPhone 7 Plus
10198.0,iPhone 7 Plus
10210.0,iPhone 7 Plus
10211.0,iPhone 7 Plus
10212.0,iPhone 7 Plus
10224.0,iPhone 7 Plus
10225.0,iPhone 7 Plus
10226.0,iPhone 7 Plus
10238.0,iPhone 7 Plus
10239.0,iPhone 7 Plus
10240.0,iPhone 7 Plus
10252.0,iPhone 7 Plus
10253.0,iPhone 7 Plus
10254.0,iPhone 7 Plus
10294.0,iPhone 7 Plus
10295.0,iPhone 7 Plus
10296.0,iPhone 7 Plus
10308.0,iPhone 7 Plus
10309.0,iPhone 7 Plus
10310.0,iPhone 7 Plus
10322.0,iPhone 7
10323.0,iPhone 7
10324.0,iPhone 7
10336.0,iPhone 7 Plus
10337.0,iPhone 7 Plus
10338.0,iPhone 7 Plus
10350.0,Motorola Moto G4 Plus
10351.0,Motorola Moto G4 Plus
10352.0,Motorola Moto G4 Plus
10364.0,Motorola Moto G4 Plus
10365.0,Motorola Moto G4 Plus
10366.0,Motorola Moto G4 Plus
10378.0,Motorola Moto G4 Plus
10379.0,Motorola Moto G4 Plus
10380.0,Motorola Moto G4 Plus
10392.0,Motorola Moto G4 Plus
10393.0,Motorola Moto G4 Plus
10394.0,Motorola Moto G4 Plus
10406.0,Motorola Moto G4 Plus
10407.0,Motorola Moto G4 Plus
10408.0,Motorola Moto G4 Plus
10420.0,Motorola Moto G4 Play DTV
10421.0,Motorola Moto G4 Play DTV
10422.0,Motorola Moto G4 Play DTV
10434.0,Motorola Moto G4 Play DTV
10435.0,Motorola Moto G4 Play DTV
10436.0,Motorola Moto G4 Play DTV
10448.0,Motorola Moto G4 Play DTV
10449.0,Motorola Moto G4 Play DTV
10450.0,Motorola Moto G4 Play DTV
10462.0,Motorola Moto G4 Play
10463.0,Motorola Moto G4 Play
10464.0,Motorola Moto G4 Play
10476.0,Motorola Moto G4 DTV
10477.0,Motorola Moto G4 DTV
10478.0,Motorola Moto G4 DTV
10490.0,LG G5 SE
10491.0,LG G5 SE
10492.0,LG G5 SE
10504.0,LG G5 SE
10505.0,LG G5 SE
10506.0,LG G5 SE
10518.0,LG G5 SE
10519.0,LG G5 SE
10520.0,LG G5 SE
10532.0,LG G5 SE
10533.0,LG G5 SE
10534.0,LG G5 SE
10546.0,LG G4 H815P
10547.0,LG G4 H815P
10548.0,LG G4 H815P
10560.0,LG G4 H815P
10561.0,LG G4 H815P
10562.0,LG G4 H815P
10574.0,LG G4 Beat H736
10575.0,LG G4 Beat H736
10576.0,LG G4 Beat H736
10588.0,LG G4 Beat H736
10589.0,LG G4 Beat H736
10590.0,LG G4 Beat H736
10602.0,Samsung Galaxy S4 i9500
10603.0,Samsung Galaxy S4 i9500
10604.0,Samsung Galaxy S4 i9500
10616.0,Samsung Galaxy S4 i9505
10617.0,Samsung Galaxy S4 i9505
10618.0,Samsung Galaxy S4 i9505
10644.0,Samsung Galaxy Note 3
10645.0,Samsung Galaxy Note 3
10646.0,Samsung Galaxy Note 3
10686.0,Motorola Moto G3 4G
10687.0,Motorola Moto G3 4G
10688.0,Motorola Moto G3 4G
10700.0,Motorola Moto G3 4G
10701.0,Motorola Moto G3 4G
10702.0,Motorola Moto G3 4G
10714.0,Motorola Moto G3 HDTV
10715.0,Motorola Moto G3 HDTV
10716.0,Motorola Moto G3 HDTV
10728.0,Motorola Moto G3 HDTV
10729.0,Motorola Moto G3 HDTV
10730.0,Motorola Moto G3 HDTV
10742.0,Samsung Galaxy A3 2016
10743.0,Samsung Galaxy A3 2016
10744.0,Samsung Galaxy A3 2016
10756.0,Motorola Moto X Style
10757.0,Motorola Moto X Style
10758.0,Motorola Moto X Style
10784.0,Samsung Galaxy On 7
10785.0,Samsung Galaxy On 7
10786.0,Samsung Galaxy On 7
10798.0,Samsung Galaxy J5 2016 Metal
10799.0,Samsung Galaxy J5 2016 Metal
10800.0,Samsung Galaxy J5 2016 Metal
10812.0,Samsung Galaxy J5 2016 Metal
10813.0,Samsung Galaxy J5 2016 Metal
10814.0,Samsung Galaxy J5 2016 Metal
10826.0,Samsung Galaxy J5 2016 Metal
10827.0,Samsung Galaxy J5 2016 Metal
10828.0,Samsung Galaxy J5 2016 Metal
10840.0,Samsung Galaxy J7 2016 Metal
10841.0,Samsung Galaxy J7 2016 Metal
10842.0,Samsung Galaxy J7 2016 Metal
10854.0,Samsung Galaxy J7 2016 Metal
10855.0,Samsung Galaxy J7 2016 Metal
10856.0,Samsung Galaxy J7 2016 Metal
10868.0,Samsung Galaxy J7 2016 Metal
10869.0,Samsung Galaxy J7 2016 Metal
10870.0,Samsung Galaxy J7 2016 Metal
10882.0,Samsung Galaxy A7 2017
10883.0,Samsung Galaxy A7 2017
10884.0,Samsung Galaxy A7 2017
10896.0,Samsung Galaxy A7 2017
10897.0,Samsung Galaxy A7 2017
10898.0,Samsung Galaxy A7 2017
10910.0,Samsung Galaxy A7 2017
10911.0,Samsung Galaxy A7 2017
10912.0,Samsung Galaxy A7 2017
10924.0,Samsung Galaxy A5 2017
10925.0,Samsung Galaxy A5 2017
10926.0,Samsung Galaxy A5 2017
10938.0,Samsung Galaxy A5 2017
10939.0,Samsung Galaxy A5 2017
10940.0,Samsung Galaxy A5 2017
10952.0,Samsung Galaxy A5 2017
10953.0,Samsung Galaxy A5 2017
10954.0,Samsung Galaxy A5 2017
10966.0,iPad Mini Wi-Fi + 4G
10967.0,iPad Mini Wi-Fi + 4G
10968.0,iPad Mini Wi-Fi + 4G
10980.0,iPad Mini Wi-Fi + 4G
10981.0,iPad Mini Wi-Fi + 4G
10982.0,iPad Mini Wi-Fi + 4G
10994.0,iPad Mini 4 Wi-Fi
10995.0,iPad Mini 4 Wi-Fi
10996.0,iPad Mini 4 Wi-Fi
11008.0,iPad Mini 4 Wi-Fi
11010.0,iPad Mini 4 Wi-Fi
11022.0,iPad Mini 4 Wi-Fi
11023.0,iPad Mini 4 Wi-Fi
11024.0,iPad Mini 4 Wi-Fi
11036.0,iPad Mini 4 Wi-Fi
11037.0,iPad Mini 4 Wi-Fi
11038.0,iPad Mini 4 Wi-Fi
11064.0,iPad Mini 4 Wi-Fi
11066.0,iPad Mini 4 Wi-Fi
11092.0,iPad Mini 4 Wi-Fi
11093.0,iPad Mini 4 Wi-Fi
11094.0,iPad Mini 4 Wi-Fi
11106.0,iPad Mini 4 Wi-Fi
11107.0,iPad Mini 4 Wi-Fi
11108.0,iPad Mini 4 Wi-Fi
11120.0,iPad Mini 4 Wi-Fi
11121.0,iPad Mini 4 Wi-Fi
11122.0,iPad Mini 4 Wi-Fi
11134.0,iPad Mini 4 Wi-Fi
11135.0,iPad Mini 4 Wi-Fi
11136.0,iPad Mini 4 Wi-Fi
11150.0,iPad Mini 4 Wi-Fi
11164.0,iPad Mini 4 Wi-Fi
11276.0,iPad Mini 4 Wi-Fi + 4G
11344.0,LG K4
11345.0,LG K4
11346.0,LG K4
11358.0,LG K4
11359.0,LG K4
11360.0,LG K4
11372.0,LG K8
11373.0,LG K8
11374.0,LG K8
11386.0,LG K8
11387.0,LG K8
11388.0,LG K8
11400.0,LG K10 TV
11401.0,LG K10 TV
11402.0,LG K10 TV
11414.0,LG K10 TV
11415.0,LG K10 TV
11416.0,LG K10 TV
11428.0,LG K10 TV
11429.0,LG K10 TV
11430.0,LG K10 TV
11442.0,LG  X Screen
11443.0,LG  X Screen
11444.0,LG  X Screen
11456.0,LG  X Screen
11457.0,LG  X Screen
11458.0,LG  X Screen
11470.0,Motorola Moto G3 4G
11471.0,Motorola Moto G3 4G
11472.0,Motorola Moto G3 4G
11484.0,Samsung Galaxy Tab A com S Pen 8 Wi-Fi + 4G
11485.0,Samsung Galaxy Tab A com S Pen 8 Wi-Fi + 4G
11486.0,Samsung Galaxy Tab A com S Pen 8 Wi-Fi + 4G
11498.0,Samsung Galaxy Tab A com S Pen 8 Wi-Fi + 4G
11499.0,Samsung Galaxy Tab A com S Pen 8 Wi-Fi + 4G
11500.0,Samsung Galaxy Tab A com S Pen 8 Wi-Fi + 4G
11514.0,Samsung Galaxy Tab A 2016 10.1  W-Fi + 4G
11528.0,Samsung Galaxy Tab A 2016 10.1  W-Fi + 4G
11540.0,Samsung Galaxy Tab E 7 Wi-Fi
11541.0,Samsung Galaxy Tab E 7 Wi-Fi
11542.0,Samsung Galaxy Tab E 7 Wi-Fi
11554.0,Samsung Galaxy Tab E 7 Wi-Fi
11555.0,Samsung Galaxy Tab E 7 Wi-Fi
11556.0,Samsung Galaxy Tab E 7 Wi-Fi
11569.0,Samsung Galaxy Tab E 7 Wi-Fi + 3G
11582.0,Samsung Galaxy Tab E 7 Wi-Fi + 3G
11583.0,Samsung Galaxy Tab E 7 Wi-Fi + 3G
11584.0,Samsung Galaxy Tab E 7 Wi-Fi + 3G
11596.0,Samsung Galaxy Tab E 9.6 Wi-Fi
11598.0,Samsung Galaxy Tab E 9.6 Wi-Fi
11610.0,Samsung Galaxy Tab E 9.6 Wi-Fi
11611.0,Samsung Galaxy Tab E 9.6 Wi-Fi
11612.0,Samsung Galaxy Tab E 9.6 Wi-Fi
11626.0,Samsung Galaxy Tab E 9.6 Wi-Fi + 3G
11640.0,Samsung Galaxy Tab E 9.6 Wi-Fi + 3G
11652.0,Samsung Galaxy Tab S2 8 Wi-Fi + 4G
11653.0,Samsung Galaxy Tab S2 8 Wi-Fi + 4G
11654.0,Samsung Galaxy Tab S2 8 Wi-Fi + 4G
11666.0,Samsung Galaxy Tab S2 8 Wi-Fi + 4G
11667.0,Samsung Galaxy Tab S2 8 Wi-Fi + 4G
11668.0,Samsung Galaxy Tab S2 8 Wi-Fi + 4G
11680.0,Samsung Galaxy Tab S2 9.7 Wi-Fi + 4G
11681.0,Samsung Galaxy Tab S2 9.7 Wi-Fi + 4G
11682.0,Samsung Galaxy Tab S2 9.7 Wi-Fi + 4G
11694.0,Samsung Galaxy Tab S2 9.7 Wi-Fi + 4G
11695.0,Samsung Galaxy Tab S2 9.7 Wi-Fi + 4G
11696.0,Samsung Galaxy Tab S2 9.7 Wi-Fi + 4G
11708.0,Samsung Galaxy S7 Edge
11709.0,Samsung Galaxy S7 Edge
11710.0,Samsung Galaxy S7 Edge
11722.0,Sony Xperia Z5
11723.0,Sony Xperia Z5
11724.0,Sony Xperia Z5
11736.0,Sony Xperia Z5
11737.0,Sony Xperia Z5
11738.0,Sony Xperia Z5
11750.0,Sony Xperia Z5
11751.0,Sony Xperia Z5
11752.0,Sony Xperia Z5
11764.0,Sony Xperia Z5 Premium
11765.0,Sony Xperia Z5 Premium
11766.0,Sony Xperia Z5 Premium
11778.0,Sony Xperia Z5 Premium
11779.0,Sony Xperia Z5 Premium
11780.0,Sony Xperia Z5 Premium
11792.0,Sony Xperia Z5 Premium
11793.0,Sony Xperia Z5 Premium
11794.0,Sony Xperia Z5 Premium
11806.0,Sony Xperia M4 Aqua Dual
11807.0,Sony Xperia M4 Aqua Dual
11808.0,Sony Xperia M4 Aqua Dual
11820.0,Sony Xperia M4 Aqua Dual
11821.0,Sony Xperia M4 Aqua Dual
11822.0,Sony Xperia M4 Aqua Dual
11834.0,Sony Xperia M4 Aqua Dual
11835.0,Sony Xperia M4 Aqua Dual
11836.0,Sony Xperia M4 Aqua Dual
11848.0,Sony Xperia M4 Aqua
11849.0,Sony Xperia M4 Aqua
11850.0,Sony Xperia M4 Aqua
11862.0,Sony Xperia M4 Aqua
11863.0,Sony Xperia M4 Aqua
11864.0,Sony Xperia M4 Aqua
11876.0,Sony Xperia M4 Aqua
11877.0,Sony Xperia M4 Aqua
11878.0,Sony Xperia M4 Aqua
11890.0,iPhone 7
11891.0,iPhone 7
11892.0,iPhone 7
11904.0,iPhone 7
11905.0,iPhone 7
11906.0,iPhone 7
11918.0,iPhone 7 Plus
11919.0,iPhone 7 Plus
11920.0,iPhone 7 Plus
11932.0,iPhone 7 Plus
11933.0,iPhone 7 Plus
11934.0,iPhone 7 Plus
11946.0,Samsung Galaxy J7 Prime
11947.0,Samsung Galaxy J7 Prime
11948.0,Samsung Galaxy J7 Prime
11960.0,Motorola Moto X Play 4G Dual
11961.0,Motorola Moto X Play 4G Dual
11962.0,Motorola Moto X Play 4G Dual
11974.0,Samsung Galaxy On 7
11975.0,Samsung Galaxy On 7
11976.0,Samsung Galaxy On 7
11988.0,Quantum Muv
11989.0,Quantum Muv
11990.0,Quantum Muv
12002.0,Quantum Muv
12003.0,Quantum Muv
12004.0,Quantum Muv
12016.0,Quantum Muv
12017.0,Quantum Muv
12018.0,Quantum Muv
12030.0,Quantum Muv Pro
12031.0,Quantum Muv Pro
12044.0,Quantum Muv Pro
12045.0,Quantum Muv Pro
12046.0,Quantum Muv Pro
12058.0,Quantum Muv Pro
12059.0,Quantum Muv Pro
12060.0,Quantum Muv Pro
12072.0,Samsung Galaxy S7 Edge
12073.0,Samsung Galaxy S7 Edge
12074.0,Samsung Galaxy S7 Edge
12086.0,Samsung Galaxy Note 4
12087.0,Samsung Galaxy Note 4
12088.0,Samsung Galaxy Note 4
12100.0,Samsung Galaxy Note 3
12101.0,Samsung Galaxy Note 3
12102.0,Samsung Galaxy Note 3
12114.0,Samsung Galaxy Note 3
12115.0,Samsung Galaxy Note 3
12116.0,Samsung Galaxy Note 3
12128.0,Samsung Galaxy Note 3
12129.0,Samsung Galaxy Note 3
12130.0,Samsung Galaxy Note 3
12142.0,iPad Mini Wi-Fi + 4G
12143.0,iPad Mini Wi-Fi + 4G
12144.0,iPad Mini Wi-Fi + 4G
12156.0,iPad Mini Wi-Fi + 4G
12157.0,iPad Mini Wi-Fi + 4G
12158.0,iPad Mini Wi-Fi + 4G
12171.0,iPad Mini Wi-Fi
12172.0,iPad Mini Wi-Fi
12186.0,iPad Mini Wi-Fi
12198.0,LG X Power
12199.0,LG X Power
12200.0,LG X Power
12212.0,LG X Power
12213.0,LG X Power
12214.0,LG X Power
12226.0,Samsung Galaxy A9 Pro 2016
12227.0,Samsung Galaxy A9 Pro 2016
12228.0,Samsung Galaxy A9 Pro 2016
12240.0,Samsung Galaxy A9 Pro 2016
12241.0,Samsung Galaxy A9 Pro 2016
12242.0,Samsung Galaxy A9 Pro 2016
12254.0,Samsung Galaxy Win 2 Duos TV
12255.0,Samsung Galaxy Win 2 Duos TV
12256.0,Samsung Galaxy Win 2 Duos TV
12268.0,Samsung Galaxy Win 2 Duos TV
12269.0,Samsung Galaxy Win 2 Duos TV
12270.0,Samsung Galaxy Win 2 Duos TV
12282.0,Samsung Galaxy E5 4G Duos
12283.0,Samsung Galaxy E5 4G Duos
12284.0,Samsung Galaxy E5 4G Duos
12296.0,Samsung Galaxy E5 4G Duos
12297.0,Samsung Galaxy E5 4G Duos
12298.0,Samsung Galaxy E5 4G Duos
12310.0,Motorola Moto X Style
12311.0,Motorola Moto X Style
12312.0,Motorola Moto X Style
12324.0,Samsung Galaxy A5
12325.0,Samsung Galaxy A5
12326.0,Samsung Galaxy A5
12338.0,Samsung Galaxy Note 2 N7100
12339.0,Samsung Galaxy Note 2 N7100
12340.0,Samsung Galaxy Note 2 N7100
12352.0,LG K10
12353.0,LG K10
12354.0,LG K10
12366.0,LG K10
12367.0,LG K10
12368.0,LG K10
12380.0,LG K10
12381.0,LG K10
12382.0,LG K10
12394.0,Samsung Galaxy Gran 2 Duos TV
12395.0,Samsung Galaxy Gran 2 Duos TV
12396.0,Samsung Galaxy Gran 2 Duos TV
12408.0,Samsung Galaxy Gran 2 Duos TV
12409.0,Samsung Galaxy Gran 2 Duos TV
12410.0,Samsung Galaxy Gran 2 Duos TV
12422.0,Samsung Galaxy S3 Slim Duos
12423.0,Samsung Galaxy S3 Slim Duos
12424.0,Samsung Galaxy S3 Slim Duos
12436.0,Samsung Galaxy S3 Slim Duos
12437.0,Samsung Galaxy S3 Slim Duos
12438.0,Samsung Galaxy S3 Slim Duos
12450.0,Motorola Moto Z
12451.0,Motorola Moto Z
12452.0,Motorola Moto Z
12464.0,Motorola Moto Z
12465.0,Motorola Moto Z
12466.0,Motorola Moto Z
12478.0,Samsung Galaxy S3 Duos
12479.0,Samsung Galaxy S3 Duos
12480.0,Samsung Galaxy S3 Duos
12492.0,Samsung Galaxy S3 Duos
12493.0,Samsung Galaxy S3 Duos
12494.0,Samsung Galaxy S3 Duos
12506.0,Motorola Moto G5 
12507.0,Motorola Moto G5 
12508.0,Motorola Moto G5 
12520.0,Motorola Moto G5 
12521.0,Motorola Moto G5 
12522.0,Motorola Moto G5 
12534.0,Motorola Moto G5 Plus
12535.0,Motorola Moto G5 Plus
12536.0,Motorola Moto G5 Plus
12548.0,Motorola Moto G5 Plus
12549.0,Motorola Moto G5 Plus
12550.0,Motorola Moto G5 Plus
12562.0,Motorola Moto G5 Plus
12563.0,Motorola Moto G5 Plus
12564.0,Motorola Moto G5 Plus
12576.0,LG L80 Dual
12577.0,LG L80 Dual
12578.0,LG L80 Dual
12591.0,LG L80 Dual
12604.0,Samsung Galaxy Gran Neo Duos
12605.0,Samsung Galaxy Gran Neo Duos
12606.0,Samsung Galaxy Gran Neo Duos
12618.0,Samsung Galaxy Gran Neo Duos
12619.0,Samsung Galaxy Gran Neo Duos
12620.0,Samsung Galaxy Gran Neo Duos
12632.0,Samsung Galaxy Gran Neo Plus Duos
12633.0,Samsung Galaxy Gran Neo Plus Duos
12634.0,Samsung Galaxy Gran Neo Plus Duos
12646.0,Samsung Galaxy Gran Neo Plus Duos
12647.0,Samsung Galaxy Gran Neo Plus Duos
12648.0,Samsung Galaxy Gran Neo Plus Duos
12660.0,Motorola Moto Z Play
12661.0,Motorola Moto Z Play
12662.0,Motorola Moto Z Play
12674.0,iPad Air Wi-Fi + 4G
12675.0,iPad Air Wi-Fi + 4G
12676.0,iPad Air Wi-Fi + 4G
12688.0,iPad Air Wi-Fi + 4G
12689.0,iPad Air Wi-Fi + 4G
12690.0,iPad Air Wi-Fi + 4G
12702.0,Samsung Galaxy S4 i9500
12703.0,Samsung Galaxy S4 i9500
12704.0,Samsung Galaxy S4 i9500
12716.0,Sony Xperia M4 Aqua Dual
12717.0,Sony Xperia M4 Aqua Dual
12718.0,Sony Xperia M4 Aqua Dual
12730.0,Samsung Galaxy S8
12731.0,Samsung Galaxy S8
12732.0,Samsung Galaxy S8
12744.0,Samsung Galaxy S8
12745.0,Samsung Galaxy S8
12746.0,Samsung Galaxy S8
12758.0,Samsung Galaxy S8
12759.0,Samsung Galaxy S8
12760.0,Samsung Galaxy S8
12772.0,Samsung Galaxy S8 Plus
12773.0,Samsung Galaxy S8 Plus
12774.0,Samsung Galaxy S8 Plus
12786.0,Samsung Galaxy S8 Plus
12787.0,Samsung Galaxy S8 Plus
12788.0,Samsung Galaxy S8 Plus
12800.0,Samsung Galaxy S8 Plus
12801.0,Samsung Galaxy S8 Plus
12802.0,Samsung Galaxy S8 Plus
12814.0,Samsung Galaxy S4 Mini Duos
12815.0,Samsung Galaxy S4 Mini Duos
12816.0,Samsung Galaxy S4 Mini Duos
12828.0,Sony Xperia Z2
12829.0,Sony Xperia Z2
12830.0,Sony Xperia Z2
12968.0,Asus Zenfone 3 Max 16 GB
12969.0,Asus Zenfone 3 Max 16 GB
12970.0,Asus Zenfone 3 Max 16 GB
12982.0,Asus Zenfone 3 Max 16 GB
12983.0,Asus Zenfone 3 Max 16 GB
12984.0,Asus Zenfone 3 Max 16 GB
12996.0,Asus Zenfone 3 Max 16 GB
12997.0,Asus Zenfone 3 Max 16 GB
12998.0,Asus Zenfone 3 Max 16 GB
13010.0,Asus Zenfone 3 Max  32 GB
13011.0,Asus Zenfone 3 Max  32 GB
13012.0,Asus Zenfone 3 Max  32 GB
13024.0,Asus Zenfone 3 Max  32 GB
13025.0,Asus Zenfone 3 Max  32 GB
13026.0,Asus Zenfone 3 Max  32 GB
13038.0,Asus Zenfone 3 Max  32 GB
13039.0,Asus Zenfone 3 Max  32 GB
13040.0,Asus Zenfone 3 Max  32 GB
13053.0,Asus Zenfone 3 Max  32 GB
13054.0,Asus Zenfone 3 Max  32 GB
13066.0,iPhone SE
13067.0,iPhone SE
13068.0,iPhone SE
13080.0,iPhone SE
13081.0,iPhone SE
13082.0,iPhone SE
13094.0,iPhone SE
13095.0,iPhone SE
13096.0,iPhone SE
13108.0,iPhone SE
13109.0,iPhone SE
13110.0,iPhone SE
13122.0,iPhone SE
13123.0,iPhone SE
13124.0,iPhone SE
13136.0,iPhone SE
13137.0,iPhone SE
13138.0,iPhone SE
13150.0,iPhone SE
13151.0,iPhone SE
13152.0,iPhone SE
13164.0,iPhone SE
13165.0,iPhone SE
13166.0,iPhone SE
13178.0,Samsung Galaxy Note 8
13179.0,Samsung Galaxy Note 8
13180.0,Samsung Galaxy Note 8
13192.0,Samsung Galaxy Note 8
13193.0,Samsung Galaxy Note 8
13194.0,Samsung Galaxy Note 8
13206.0,iPad Air 2 Wi-Fi
13207.0,iPad Air 2 Wi-Fi
13208.0,iPad Air 2 Wi-Fi
13220.0,iPad Air 2 Wi-Fi
13221.0,iPad Air 2 Wi-Fi
13222.0,iPad Air 2 Wi-Fi
13236.0,iPad Air 2 Wi-Fi
13248.0,Samsung Galaxy S8 Plus
13249.0,Samsung Galaxy S8 Plus
13250.0,Samsung Galaxy S8 Plus
13262.0,Samsung Galaxy S3 Mini
13263.0,Samsung Galaxy S3 Mini
13264.0,Samsung Galaxy S3 Mini
13276.0,Samsung Galaxy J5 Prime
13277.0,Samsung Galaxy J5 Prime
13278.0,Samsung Galaxy J5 Prime
13290.0,Samsung Galaxy Note 5
13291.0,Samsung Galaxy Note 5
13292.0,Samsung Galaxy Note 5
13304.0,Samsung Galaxy S8 Plus
13305.0,Samsung Galaxy S8 Plus
13306.0,Samsung Galaxy S8 Plus
13318.0,Samsung Galaxy S6 Edge Plus
13319.0,Samsung Galaxy S6 Edge Plus
13320.0,Samsung Galaxy S6 Edge Plus
13332.0,iPhone 8
13333.0,iPhone 8
13334.0,iPhone 8
13346.0,iPhone 8
13347.0,iPhone 8
13348.0,iPhone 8
13360.0,iPhone 8
13361.0,iPhone 8
13362.0,iPhone 8
13374.0,iPhone 8
13375.0,iPhone 8
13376.0,iPhone 8
13388.0,iPhone 8
13389.0,iPhone 8
13390.0,iPhone 8
13402.0,iPhone 8
13403.0,iPhone 8
13404.0,iPhone 8
13416.0,iPhone 8 Plus
13417.0,iPhone 8 Plus
13418.0,iPhone 8 Plus
13430.0,iPhone 8 Plus
13431.0,iPhone 8 Plus
13432.0,iPhone 8 Plus
13444.0,iPhone 8 Plus
13445.0,iPhone 8 Plus
13446.0,iPhone 8 Plus
13458.0,iPhone 8 Plus
13459.0,iPhone 8 Plus
13460.0,iPhone 8 Plus
13472.0,iPhone 8 Plus
13473.0,iPhone 8 Plus
13474.0,iPhone 8 Plus
13486.0,iPhone 8 Plus
13487.0,iPhone 8 Plus
13488.0,iPhone 8 Plus
13515.0,Asus Live
13516.0,Asus Live
13542.0,Asus Zenfone Selfie
13543.0,Asus Zenfone Selfie
13544.0,Asus Zenfone Selfie
13556.0,Asus Zenfone Selfie
13557.0,Asus Zenfone Selfie
13558.0,Asus Zenfone Selfie
13570.0,Asus Zenfone Selfie
13571.0,Asus Zenfone Selfie
13572.0,Asus Zenfone Selfie
13584.0,Asus Zenfone Selfie
13585.0,Asus Zenfone Selfie
13586.0,Asus Zenfone Selfie
13598.0,Asus Zenfone 2
13599.0,Asus Zenfone 2
13600.0,Asus Zenfone 2
13612.0,Asus Zenfone 2
13613.0,Asus Zenfone 2
13614.0,Asus Zenfone 2
13626.0,Asus Zenfone 2
13627.0,Asus Zenfone 2
13628.0,Asus Zenfone 2
13640.0,Asus Zenfone 2
13641.0,Asus Zenfone 2
13642.0,Asus Zenfone 2
13654.0,Asus Zenfone 2 Deluxe
13655.0,Asus Zenfone 2 Deluxe
13656.0,Asus Zenfone 2 Deluxe
13668.0,Asus Zenfone 2 Deluxe
13669.0,Asus Zenfone 2 Deluxe
13670.0,Asus Zenfone 2 Deluxe
13683.0,Asus Zenfone 2 Laser
13684.0,Asus Zenfone 2 Laser
13697.0,Asus Zenfone 2 Laser
13712.0,Asus Zenfone 2 Laser
13724.0,Asus Zenfone 2 Laser
13725.0,Asus Zenfone 2 Laser
13726.0,Asus Zenfone 2 Laser
13738.0,Asus Zenfone 2 Laser
13739.0,Asus Zenfone 2 Laser
13740.0,Asus Zenfone 2 Laser
13752.0,Asus Zenfone 2
13753.0,Asus Zenfone 2
13754.0,Asus Zenfone 2
13766.0,Asus Zenfone 2
13767.0,Asus Zenfone 2
13768.0,Asus Zenfone 2
13780.0,Asus Zenfone 2
13781.0,Asus Zenfone 2
13782.0,Asus Zenfone 2
13794.0,Asus Zenfone 2
13795.0,Asus Zenfone 2
13796.0,Asus Zenfone 2
13809.0,Asus Zenfone 2
13810.0,Asus Zenfone 2
13822.0,Asus Zenfone 2
13836.0,Asus Zenfone 2
13838.0,Asus Zenfone 2
13850.0,Asus Zenfone 2
13851.0,Asus Zenfone 2
13852.0,Asus Zenfone 2
13864.0,Asus Zenfone 5
13865.0,Asus Zenfone 5
13866.0,Asus Zenfone 5
13878.0,Asus Zenfone 5
13879.0,Asus Zenfone 5
13880.0,Asus Zenfone 5
13892.0,Asus Zenfone 5
13893.0,Asus Zenfone 5
13894.0,Asus Zenfone 5
14032.0,Asus Zenfone 6
14033.0,Asus Zenfone 6
14034.0,Asus Zenfone 6
14046.0,Asus Zenfone 6
14047.0,Asus Zenfone 6
14048.0,Asus Zenfone 6
14060.0,Asus Zenfone 6
14061.0,Asus Zenfone 6
14062.0,Asus Zenfone 6
14074.0,Asus Zenfone 6
14075.0,Asus Zenfone 6
14076.0,Asus Zenfone 6
14088.0,Asus Zenfone Go
14089.0,Asus Zenfone Go
14090.0,Asus Zenfone Go
14102.0,Asus Zenfone Go
14103.0,Asus Zenfone Go
14104.0,Asus Zenfone Go
14118.0,Asus Zenfone Go
14186.0,Samsung Galaxy A5 2017
14187.0,Samsung Galaxy A5 2017
14188.0,Samsung Galaxy A5 2017
14200.0,Motorola Moto Z Power Edition
14201.0,Motorola Moto Z Power Edition
14202.0,Motorola Moto Z Power Edition
14214.0,Motorola Moto Z Power Edition
14215.0,Motorola Moto Z Power Edition
14216.0,Motorola Moto Z Power Edition
14242.0,Asus Zenfone 5
14243.0,Asus Zenfone 5
14244.0,Asus Zenfone 5
14256.0,Asus Zenfone 5
14257.0,Asus Zenfone 5
14258.0,Asus Zenfone 5
14286.0,"Asus Zenfone 2 Laser 6"""
14296.0,Samsung Galaxy Note 8
14734.0,Samsung Galaxy A7 2017
15263.0,Asus Zenfone Selfie
15264.0,Asus Zenfone Selfie
15265.0,Asus Zenfone Selfie
15278.0,Asus Zenfone Selfie
15279.0,Asus Zenfone Selfie
15280.0,Asus Zenfone Selfie
15338.0,Samsung Galaxy S8
15339.0,Samsung Galaxy S8
15340.0,Samsung Galaxy S8
15353.0,Samsung Galaxy J5
15354.0,Samsung Galaxy J5
15355.0,Samsung Galaxy J5
15368.0,Samsung Galaxy J5
15369.0,Samsung Galaxy J5
15370.0,Samsung Galaxy J5
15383.0,Samsung Galaxy J5
15384.0,Samsung Galaxy J5
15385.0,Samsung Galaxy J5
15428.0,Quantum Muv Up
15429.0,Quantum Muv Up
15430.0,Quantum Muv Up
15444.0,Quantum Muv Up
15445.0,Quantum Muv Up
15459.0,Quantum Muv Up
15460.0,Quantum Muv Up
15503.0,Quantum YOU
15504.0,Quantum YOU
15505.0,Quantum YOU
15518.0,Quantum YOU
15519.0,Quantum YOU
15520.0,Quantum YOU
15533.0,Motorola Moto G5S Plus
15534.0,Motorola Moto G5S Plus
15535.0,Motorola Moto G5S Plus
15548.0,Motorola Moto G5S Plus
15549.0,Motorola Moto G5S Plus
15550.0,Motorola Moto G5S Plus
15563.0,Motorola Moto G5S Plus
15564.0,Motorola Moto G5S Plus
15565.0,Motorola Moto G5S Plus
15578.0,Motorola Moto G5S
15579.0,Motorola Moto G5S
15580.0,Motorola Moto G5S
15593.0,Motorola Moto G5S
15594.0,Motorola Moto G5S
15595.0,Motorola Moto G5S
15608.0,Motorola Moto G5S
15609.0,Motorola Moto G5S
15610.0,Motorola Moto G5S
15623.0,Motorola Moto G5S
15624.0,Motorola Moto G5S
15625.0,Motorola Moto G5S
15638.0,Samsung Galaxy J7 PRO
15639.0,Samsung Galaxy J7 PRO
15640.0,Samsung Galaxy J7 PRO
15653.0,Samsung Galaxy J7 PRO
15654.0,Samsung Galaxy J7 PRO
15655.0,Samsung Galaxy J7 PRO
15668.0,Samsung Galaxy J7 PRO
15669.0,Samsung Galaxy J7 PRO
15670.0,Samsung Galaxy J7 PRO
15683.0,Samsung Galaxy J5 PRO
15684.0,Samsung Galaxy J5 PRO
15685.0,Samsung Galaxy J5 PRO
15698.0,Samsung Galaxy J5 PRO
15699.0,Samsung Galaxy J5 PRO
15700.0,Samsung Galaxy J5 PRO
15713.0,Samsung Galaxy J7 Neo
15714.0,Samsung Galaxy J7 Neo
15715.0,Samsung Galaxy J7 Neo
15728.0,Samsung Galaxy J7 Neo
15729.0,Samsung Galaxy J7 Neo
15730.0,Samsung Galaxy J7 Neo
15743.0,LG K10 Novo
15744.0,LG K10 Novo
15745.0,LG K10 Novo
15758.0,LG K10 Novo
15759.0,LG K10 Novo
15760.0,LG K10 Novo
15773.0,LG K10 Novo
15774.0,LG K10 Novo
15775.0,LG K10 Novo
15788.0,iPhone X
15789.0,iPhone X
15790.0,iPhone X
15803.0,iPhone X
15804.0,iPhone X
15805.0,iPhone X
15818.0,iPhone X
15819.0,iPhone X
15820.0,iPhone X
15833.0,iPhone X
15834.0,iPhone X
15835.0,iPhone X
15848.0,iPhone 7
15849.0,iPhone 7
15850.0,iPhone 7
17168.0,Motorola Moto Z2 Play
17169.0,Motorola Moto Z2 Play
17170.0,Motorola Moto Z2 Play
17183.0,Motorola Moto Z2 Play
17184.0,Motorola Moto Z2 Play
17185.0,Motorola Moto Z2 Play
17198.0,Motorola Moto Z2 Play
17199.0,Motorola Moto Z2 Play
17200.0,Motorola Moto Z2 Play
17483.0,Motorola Moto Z2 Force
17484.0,Motorola Moto Z2 Force
17485.0,Motorola Moto Z2 Force
